,Name,Purity
0,All,0.9995032589721837
1,Expanded,0.9972192547277706
2,Positive,0.9422439206957967
3,Postive Expanded,0.8730635619687839
