,Method,Precision,n_pos
0,All,0.001896775481681142,133
4,V-J,0.020253164556962026,8
2,GWP,0.30434782608695654,7
1,WPY,0.5833333333333334,7
3,GWPY,0.875,7
5,V-J+GWPY,1.0,7
