,Method,Precision,n_pos
0,All,0.015716139705358033,1102
8,J-gene,0.0963855421686747,632
4,ELF,0.1055962691538974,634
3,GEL,0.10571428571428572,629
6,ANT,0.11386138613861387,69
2,TGE,0.13122852233676977,611
5,QNT,0.1729957805907173,82
1,NTG,0.2273994424532059,571
7,NTGEL,0.2737296260786194,571
9,J+NTGELF,0.2743022136669875,570
