,pmhc1,neg_control,fold_increase,is_binder,clone_id,outlier
0,11,4,20.0,0,0,0
1,19,9,20.0,0,1,0
2,17,1,20.0,0,2,0
3,3,0,20.0,0,2,0
4,7,9,20.0,0,2,0
5,2,8,20.0,0,3,0
6,17,0,20.0,0,3,0
7,3,0,20.0,0,4,0
8,5,7,20.0,0,5,0
9,3,7,20.0,0,5,0
10,1,8,20.0,0,5,0
11,1,1,20.0,0,5,0
12,1,1,20.0,0,6,0
13,8,0,20.0,0,6,0
14,5,0,20.0,0,7,0
15,4,0,20.0,0,8,0
16,13,1,20.0,0,8,0
17,3,0,20.0,0,8,0
18,5,1,20.0,0,8,0
19,5,8,20.0,0,8,0
20,3,1,20.0,0,8,0
21,6,0,20.0,0,9,0
22,6,1,20.0,0,9,0
23,0,3,20.0,0,10,0
24,7,2,20.0,0,10,0
25,5,6,20.0,0,11,0
26,4,2,20.0,0,11,0
27,2,0,20.0,0,12,0
28,2,2,20.0,0,12,0
29,1,0,20.0,0,13,0
30,14,4,20.0,0,13,0
31,5,4,20.0,0,14,0
32,3,0,20.0,0,15,0
33,11,4,20.0,0,15,0
34,3,0,20.0,0,16,0
35,4,0,20.0,0,17,0
36,2,1,20.0,0,18,0
37,4,2,20.0,0,18,0
38,9,11,20.0,0,19,0
39,14,9,20.0,0,19,0
40,5,3,20.0,0,19,0
41,4,4,20.0,0,20,0
42,11,2,20.0,0,21,0
43,9,11,20.0,0,21,0
44,14,2,20.0,0,21,0
45,5,1,20.0,0,21,0
46,9,4,20.0,0,22,0
47,17,4,20.0,0,22,0
48,7,6,20.0,0,23,0
49,2,0,20.0,0,23,0
50,15,7,20.0,0,24,0
51,11,9,20.0,0,25,0
52,3,1,20.0,0,25,0
53,7,1,20.0,0,25,0
54,0,12,20.0,0,25,0
55,9,2,20.0,0,26,0
56,16,2,20.0,0,26,0
57,2,1,20.0,0,26,0
58,13,1,20.0,0,26,0
59,12,1,20.0,0,26,0
60,9,2,20.0,0,26,0
61,4,4,20.0,0,26,0
62,5,5,20.0,0,27,0
63,3,10,20.0,0,27,0
64,8,3,20.0,0,28,0
65,1,0,20.0,0,29,0
66,15,0,20.0,0,30,0
67,6,0,20.0,0,30,0
68,4,2,20.0,0,31,0
69,7,6,20.0,0,31,0
70,0,5,20.0,0,32,0
71,9,0,20.0,0,33,0
72,4,6,20.0,0,33,0
73,9,0,20.0,0,34,0
74,6,8,20.0,0,34,0
75,5,2,20.0,0,35,0
76,6,5,20.0,0,35,0
77,8,2,20.0,0,35,0
78,3,0,20.0,0,36,0
79,5,5,20.0,0,36,0
80,10,6,20.0,0,36,0
81,5,0,20.0,0,37,0
82,12,17,20.0,0,37,0
83,1,2,20.0,0,38,0
84,2,0,20.0,0,38,0
85,2,1,20.0,0,39,0
86,10,2,20.0,0,39,0
87,2,3,20.0,0,39,0
88,12,0,20.0,0,39,0
89,10,0,20.0,0,40,0
90,6,1,20.0,0,41,0
91,12,2,20.0,0,42,0
92,0,8,20.0,0,42,0
93,11,0,20.0,0,42,0
94,4,2,20.0,0,42,0
95,6,11,20.0,0,43,0
96,4,5,20.0,0,43,0
97,9,0,20.0,0,44,0
98,10,0,20.0,0,44,0
99,3,4,20.0,0,45,0
100,6,0,20.0,0,46,0
101,1,2,20.0,0,46,0
102,18,3,20.0,0,47,0
103,3,9,20.0,0,47,0
104,3,0,20.0,0,48,0
105,3,3,20.0,0,49,0
106,3,0,20.0,0,50,0
107,7,0,20.0,0,51,0
108,1,11,20.0,0,51,0
109,4,1,20.0,0,52,0
110,9,7,20.0,0,52,0
111,0,8,20.0,0,53,0
112,19,0,20.0,0,53,0
113,3,0,20.0,0,54,0
114,2,3,20.0,0,54,0
115,6,6,20.0,0,55,0
116,0,1,20.0,0,56,0
117,2,1,20.0,0,56,0
118,8,1,20.0,0,57,0
119,7,0,20.0,0,57,0
120,6,6,20.0,0,57,0
121,1,0,20.0,0,57,0
122,6,2,20.0,0,58,0
123,10,3,20.0,0,58,0
124,3,0,20.0,0,58,0
125,2,1,20.0,0,59,0
126,10,8,20.0,0,59,0
127,6,0,20.0,0,60,0
128,2,0,20.0,0,61,0
129,4,3,20.0,0,61,0
130,6,1,20.0,0,61,0
131,5,1,20.0,0,62,0
132,5,18,20.0,0,62,0
133,2,1,20.0,0,63,0
134,1,1,20.0,0,64,0
135,5,4,20.0,0,64,0
136,6,11,20.0,0,64,0
137,14,0,20.0,0,65,0
138,1,1,20.0,0,66,0
139,5,0,20.0,0,67,0
140,6,12,20.0,0,67,0
141,11,7,20.0,0,67,0
142,9,8,20.0,0,67,0
143,8,1,20.0,0,67,0
144,3,11,20.0,0,68,0
145,4,6,20.0,0,68,0
146,0,1,20.0,0,68,0
147,9,1,20.0,0,69,0
148,9,7,20.0,0,69,0
149,4,4,20.0,0,69,0
150,10,4,20.0,0,70,0
151,13,2,20.0,0,70,0
152,1,0,20.0,0,70,0
153,1,6,20.0,0,70,0
154,6,11,20.0,0,70,0
155,5,2,20.0,0,70,0
156,16,3,20.0,0,71,0
157,6,5,20.0,0,72,0
158,6,0,20.0,0,72,0
159,5,0,20.0,0,73,0
160,5,1,20.0,0,73,0
161,6,7,20.0,0,74,0
162,7,4,20.0,0,74,0
163,9,5,20.0,0,74,0
164,6,2,20.0,0,74,0
165,3,10,20.0,0,74,0
166,35,5,20.0,0,74,0
167,26,1,20.0,0,74,0
168,4,3,20.0,0,75,0
169,2,5,20.0,0,75,0
170,6,4,20.0,0,76,0
171,6,2,20.0,0,77,0
172,14,1,20.0,0,77,0
173,9,4,20.0,0,77,0
174,9,4,20.0,0,78,0
175,1,0,20.0,0,78,0
176,8,4,20.0,0,78,0
177,1,6,20.0,0,79,0
178,2,2,20.0,0,80,0
179,1,3,20.0,0,80,0
180,7,2,20.0,0,81,0
181,16,1,20.0,0,82,0
182,10,0,20.0,0,83,0
183,4,5,20.0,0,83,0
184,7,3,20.0,0,83,0
185,1,0,20.0,0,83,0
186,16,1,20.0,0,83,0
187,11,17,20.0,0,84,0
188,4,11,20.0,0,84,0
189,0,0,20.0,0,85,0
190,0,2,20.0,0,85,0
191,0,5,20.0,0,85,0
192,2,2,20.0,0,85,0
193,15,8,20.0,0,86,0
194,2,1,20.0,0,87,0
195,6,1,20.0,0,87,0
196,6,3,20.0,0,87,0
197,4,1,20.0,0,87,0
198,8,2,20.0,0,88,0
199,8,3,20.0,0,88,0
200,9,1,20.0,0,88,0
201,2,1,20.0,0,88,0
202,5,11,20.0,0,88,0
203,7,0,20.0,0,89,0
204,11,11,20.0,0,90,0
205,7,4,20.0,0,91,0
206,1,1,20.0,0,91,0
207,7,0,20.0,0,92,0
208,3,2,20.0,0,92,0
209,1,0,20.0,0,92,0
210,7,9,20.0,0,92,0
211,1,2,20.0,0,92,0
212,3,4,20.0,0,92,0
213,15,4,20.0,0,92,0
214,6,2,20.0,0,93,0
215,5,0,20.0,0,93,0
216,4,10,20.0,0,93,0
217,6,2,20.0,0,93,0
218,1,0,20.0,0,93,0
219,4,12,20.0,0,93,0
220,4,5,20.0,0,93,0
221,6,4,20.0,0,94,0
222,4,5,20.0,0,94,0
223,4,0,20.0,0,94,0
224,14,8,20.0,0,95,0
225,12,0,20.0,0,95,0
226,4,2,20.0,0,96,0
227,8,0,20.0,0,96,0
228,33,0,20.0,0,97,0
229,3,3,20.0,0,97,0
230,4,9,20.0,0,98,0
231,2,0,20.0,0,99,0
232,15,0,20.0,0,100,0
233,3,3,20.0,0,100,0
234,1,5,20.0,0,101,0
235,3,6,20.0,0,101,0
236,14,4,20.0,0,102,0
237,9,2,20.0,0,102,0
238,26,10,20.0,0,102,0
239,4,1,20.0,0,102,0
240,4,2,20.0,0,103,0
241,17,1,20.0,0,103,0
242,2,8,20.0,0,104,0
243,11,3,20.0,0,104,0
244,9,7,20.0,0,105,0
245,6,4,20.0,0,105,0
246,3,1,20.0,0,105,0
247,0,2,20.0,0,105,0
248,8,3,20.0,0,106,0
249,2,8,20.0,0,107,0
250,3,2,20.0,0,107,0
251,12,1,20.0,0,107,0
252,3,0,20.0,0,108,0
253,10,0,20.0,0,108,0
254,1,1,20.0,0,108,0
255,1,1,20.0,0,109,0
256,7,2,20.0,0,109,0
257,3,3,20.0,0,109,0
258,5,2,20.0,0,110,0
259,10,1,20.0,0,111,0
260,41,2,20.0,0,111,0
261,8,6,20.0,0,111,0
262,2,4,20.0,0,111,0
263,3,0,20.0,0,111,0
264,1,0,20.0,0,111,0
265,3,0,20.0,0,112,0
266,14,2,20.0,0,112,0
267,6,1,20.0,0,113,0
268,0,0,20.0,0,113,0
269,11,2,20.0,0,113,0
270,10,0,20.0,0,114,0
271,2,0,20.0,0,114,0
272,22,15,20.0,0,115,0
273,6,4,20.0,0,115,0
274,21,9,20.0,0,116,0
275,5,3,20.0,0,117,0
276,2,0,20.0,0,117,0
277,7,0,20.0,0,117,0
278,7,1,20.0,0,118,0
279,4,0,20.0,0,119,0
280,4,5,20.0,0,119,0
281,4,1,20.0,0,119,0
282,0,28,20.0,0,120,0
283,3,5,20.0,0,121,0
284,3,0,20.0,0,121,0
285,6,0,20.0,0,121,0
286,8,3,20.0,0,121,0
287,7,11,20.0,0,122,0
288,12,1,20.0,0,122,0
289,0,3,20.0,0,122,0
290,6,2,20.0,0,122,0
291,6,8,20.0,0,122,0
292,9,0,20.0,0,122,0
293,1,4,20.0,0,122,0
294,6,0,20.0,0,122,0
295,0,0,20.0,0,122,0
296,10,3,20.0,0,122,0
297,0,2,20.0,0,122,0
298,1,6,20.0,0,123,0
299,0,0,20.0,0,123,0
300,9,0,20.0,0,123,0
301,0,6,20.0,0,123,0
302,12,0,20.0,0,124,0
303,31,1,20.0,0,124,0
304,1,2,20.0,0,124,0
305,0,1,20.0,0,124,0
306,14,1,20.0,0,124,0
307,19,5,20.0,0,125,0
308,3,3,20.0,0,126,0
309,6,0,20.0,0,126,0
310,17,0,20.0,0,126,0
311,15,2,20.0,0,126,0
312,22,0,20.0,0,127,0
313,1,4,20.0,0,127,0
314,3,9,20.0,0,128,0
315,1,0,20.0,0,129,0
316,2,0,20.0,0,130,0
317,4,1,20.0,0,130,0
318,13,0,20.0,0,131,0
319,7,4,20.0,0,132,0
320,3,13,20.0,0,132,0
321,15,0,20.0,0,132,0
322,4,16,20.0,0,133,0
323,3,2,20.0,0,133,0
324,4,17,20.0,0,133,0
325,9,8,20.0,0,133,0
326,7,2,20.0,0,133,0
327,1,0,20.0,0,133,0
328,2,4,20.0,0,134,0
329,8,1,20.0,0,134,0
330,2,0,20.0,0,135,0
331,8,1,20.0,0,135,0
332,0,0,20.0,0,135,0
333,6,0,20.0,0,135,0
334,8,0,20.0,0,135,0
335,0,1,20.0,0,135,0
336,6,4,20.0,0,136,0
337,8,5,20.0,0,136,0
338,6,5,20.0,0,137,0
339,27,2,20.0,0,137,0
340,3,20,20.0,0,137,0
341,5,0,20.0,0,137,0
342,1,11,20.0,0,137,0
343,0,0,20.0,0,137,0
344,5,3,20.0,0,138,0
345,3,6,20.0,0,138,0
346,2,3,20.0,0,139,0
347,4,4,20.0,0,139,0
348,9,4,20.0,0,140,0
349,18,0,20.0,0,140,0
350,1,7,20.0,0,141,0
351,0,6,20.0,0,141,0
352,8,9,20.0,0,142,0
353,2,1,20.0,0,142,0
354,13,6,20.0,0,142,0
355,2,2,20.0,0,143,0
356,19,0,20.0,0,144,0
357,2,1,20.0,0,144,0
358,5,0,20.0,0,144,0
359,3,5,20.0,0,145,0
360,2,4,20.0,0,145,0
361,4,1,20.0,0,145,0
362,6,0,20.0,0,145,0
363,5,8,20.0,0,145,0
364,19,3,20.0,0,145,0
365,4,4,20.0,0,146,0
366,13,1,20.0,0,146,0
367,14,15,20.0,0,147,0
368,6,0,20.0,0,148,0
369,5,4,20.0,0,149,0
370,6,3,20.0,0,150,0
371,13,1,20.0,0,150,0
372,3,0,20.0,0,150,0
373,12,0,20.0,0,150,0
374,5,0,20.0,0,151,0
375,8,0,20.0,0,151,0
376,2,6,20.0,0,152,0
377,9,10,20.0,0,152,0
378,17,2,20.0,0,152,0
379,0,5,20.0,0,153,0
380,14,0,20.0,0,153,0
381,9,2,20.0,0,154,0
382,10,3,20.0,0,154,0
383,8,2,20.0,0,154,0
384,21,5,20.0,0,154,0
385,6,1,20.0,0,154,0
386,2,5,20.0,0,155,0
387,6,9,20.0,0,156,0
388,3,8,20.0,0,157,0
389,2,22,20.0,0,158,0
390,0,1,20.0,0,158,0
391,9,7,20.0,0,158,0
392,11,5,20.0,0,158,0
393,4,0,20.0,0,159,0
394,3,0,20.0,0,159,0
395,9,4,20.0,0,159,0
396,12,1,20.0,0,159,0
397,3,2,20.0,0,160,0
398,8,1,20.0,0,161,0
399,2,3,20.0,0,161,0
400,3,7,20.0,0,162,0
401,11,0,20.0,0,163,0
402,13,0,20.0,0,163,0
403,9,4,20.0,0,164,0
404,5,2,20.0,0,165,0
405,14,4,20.0,0,166,0
406,7,1,20.0,0,167,0
407,19,0,20.0,0,167,0
408,3,4,20.0,0,167,0
409,12,9,20.0,0,167,0
410,15,0,20.0,0,167,0
411,6,3,20.0,0,167,0
412,6,6,20.0,0,167,0
413,14,0,20.0,0,167,0
414,0,7,20.0,0,168,0
415,6,8,20.0,0,168,0
416,0,1,20.0,0,168,0
417,2,2,20.0,0,168,0
418,8,1,20.0,0,169,0
419,4,3,20.0,0,170,0
420,4,9,20.0,0,171,0
421,12,6,20.0,0,171,0
422,5,15,20.0,0,171,0
423,2,2,20.0,0,172,0
424,9,0,20.0,0,172,0
425,9,6,20.0,0,172,0
426,3,6,20.0,0,173,0
427,1,3,20.0,0,174,0
428,0,0,20.0,0,174,0
429,3,1,20.0,0,174,0
430,2,0,20.0,0,175,0
431,3,4,20.0,0,175,0
432,5,0,20.0,0,176,0
433,5,2,20.0,0,177,0
434,0,4,20.0,0,178,0
435,9,1,20.0,0,178,0
436,0,7,20.0,0,178,0
437,2,0,20.0,0,178,0
438,4,4,20.0,0,178,0
439,6,4,20.0,0,179,0
440,1,1,20.0,0,179,0
441,0,3,20.0,0,179,0
442,3,1,20.0,0,180,0
443,3,0,20.0,0,181,0
444,12,7,20.0,0,181,0
445,5,2,20.0,0,181,0
446,1,2,20.0,0,181,0
447,10,3,20.0,0,182,0
448,13,7,20.0,0,182,0
449,6,16,20.0,0,183,0
450,12,0,20.0,0,184,0
451,3,6,20.0,0,185,0
452,0,4,20.0,0,185,0
453,8,0,20.0,0,186,0
454,2,1,20.0,0,186,0
455,7,0,20.0,0,187,0
456,7,18,20.0,0,188,0
457,1,0,20.0,0,189,0
458,3,1,20.0,0,190,0
459,4,7,20.0,0,190,0
460,6,0,20.0,0,190,0
461,6,2,20.0,0,191,0
462,4,2,20.0,0,191,0
463,9,9,20.0,0,191,0
464,4,8,20.0,0,192,0
465,0,5,20.0,0,192,0
466,7,1,20.0,0,193,0
467,7,2,20.0,0,193,0
468,10,1,20.0,0,194,0
469,4,2,20.0,0,194,0
470,6,2,20.0,0,194,0
471,1,11,20.0,0,195,0
472,9,1,20.0,0,195,0
473,0,0,20.0,0,196,0
474,6,0,20.0,0,196,0
475,6,5,20.0,0,196,0
476,21,3,20.0,0,196,0
477,6,1,20.0,0,196,0
478,3,0,20.0,0,196,0
479,8,0,20.0,0,196,0
480,1,0,20.0,0,196,0
481,1,2,20.0,0,196,0
482,7,0,20.0,0,197,0
483,4,2,20.0,0,198,0
484,4,6,20.0,0,198,0
485,5,1,20.0,0,198,0
486,4,7,20.0,0,198,0
487,0,2,20.0,0,199,0
488,6,3,20.0,0,200,0
489,2,0,20.0,0,200,0
490,1,0,20.0,0,201,0
491,6,2,20.0,0,201,0
492,4,1,20.0,0,202,0
493,0,1,20.0,0,203,0
494,5,5,20.0,0,203,0
495,17,6,20.0,0,204,0
496,3,3,20.0,0,204,0
497,2,1,20.0,0,204,0
498,6,1,20.0,0,204,0
499,4,0,20.0,0,204,0
500,0,5,20.0,0,204,0
501,5,5,20.0,0,205,0
502,10,1,20.0,0,205,0
503,12,1,20.0,0,205,0
504,10,0,20.0,0,206,0
505,4,2,20.0,0,206,0
506,1,16,20.0,0,207,0
507,4,0,20.0,0,207,0
508,7,1,20.0,0,207,0
509,2,7,20.0,0,207,0
510,0,5,20.0,0,208,0
511,2,0,20.0,0,208,0
512,1,10,20.0,0,208,0
513,7,4,20.0,0,208,0
514,19,1,20.0,0,208,0
515,4,2,20.0,0,208,0
516,3,2,20.0,0,209,0
517,9,0,20.0,0,210,0
518,2,0,20.0,0,211,0
519,11,7,20.0,0,211,0
520,2,0,20.0,0,212,0
521,10,0,20.0,0,213,0
522,8,4,20.0,0,213,0
523,1,0,20.0,0,213,0
524,4,1,20.0,0,214,0
525,2,6,20.0,0,214,0
526,0,4,20.0,0,214,0
527,25,1,20.0,0,214,0
528,0,2,20.0,0,214,0
529,3,4,20.0,0,214,0
530,11,0,20.0,0,215,0
531,9,3,20.0,0,215,0
532,1,0,20.0,0,216,0
533,14,6,20.0,0,216,0
534,0,0,20.0,0,217,0
535,0,0,20.0,0,218,0
536,9,6,20.0,0,218,0
537,1,6,20.0,0,219,0
538,11,0,20.0,0,219,0
539,5,1,20.0,0,219,0
540,9,0,20.0,0,220,0
541,8,2,20.0,0,220,0
542,14,2,20.0,0,221,0
543,5,0,20.0,0,221,0
544,10,2,20.0,0,222,0
545,13,0,20.0,0,223,0
546,18,13,20.0,0,224,0
547,6,1,20.0,0,224,0
548,1,3,20.0,0,224,0
549,9,6,20.0,0,225,0
550,14,1,20.0,0,226,0
551,6,0,20.0,0,226,0
552,12,0,20.0,0,226,0
553,3,0,20.0,0,226,0
554,22,0,20.0,0,226,0
555,2,15,20.0,0,226,0
556,11,2,20.0,0,227,0
557,4,5,20.0,0,228,0
558,10,0,20.0,0,229,0
559,3,2,20.0,0,229,0
560,6,3,20.0,0,229,0
561,5,1,20.0,0,229,0
562,0,7,20.0,0,229,0
563,1,0,20.0,0,229,0
564,8,4,20.0,0,229,0
565,1,5,20.0,0,230,0
566,9,11,20.0,0,231,0
567,11,4,20.0,0,232,0
568,8,4,20.0,0,233,0
569,6,3,20.0,0,234,0
570,2,1,20.0,0,235,0
571,8,4,20.0,0,235,0
572,5,1,20.0,0,236,0
573,0,10,20.0,0,236,0
574,0,4,20.0,0,236,0
575,12,3,20.0,0,236,0
576,3,3,20.0,0,236,0
577,6,1,20.0,0,236,0
578,17,0,20.0,0,236,0
579,7,2,20.0,0,236,0
580,4,0,20.0,0,236,0
581,5,1,20.0,0,236,0
582,8,0,20.0,0,236,0
583,10,1,20.0,0,236,0
584,11,8,20.0,0,237,0
585,4,1,20.0,0,238,0
586,1,1,20.0,0,238,0
587,1,0,20.0,0,238,0
588,7,3,20.0,0,239,0
589,2,6,20.0,0,239,0
590,11,3,20.0,0,239,0
591,0,1,20.0,0,240,0
592,9,2,20.0,0,240,0
593,12,4,20.0,0,241,0
594,8,0,20.0,0,241,0
595,18,8,20.0,0,241,0
596,4,0,20.0,0,242,0
597,3,13,20.0,0,242,0
598,11,0,20.0,0,242,0
599,15,4,20.0,0,242,0
600,6,1,20.0,0,243,0
601,14,2,20.0,0,244,0
602,20,1,20.0,0,245,0
603,0,1,20.0,0,245,0
604,0,3,20.0,0,245,0
605,4,0,20.0,0,245,0
606,2,3,20.0,0,245,0
607,11,0,20.0,0,245,0
608,12,0,20.0,0,245,0
609,1,3,20.0,0,246,0
610,2,0,20.0,0,246,0
611,13,0,20.0,0,247,0
612,3,0,20.0,0,247,0
613,4,0,20.0,0,248,0
614,0,0,20.0,0,248,0
615,2,10,20.0,0,249,0
616,21,24,20.0,0,249,0
617,10,6,20.0,0,250,0
618,6,0,20.0,0,250,0
619,9,2,20.0,0,251,0
620,1,0,20.0,0,252,0
621,17,1,20.0,0,252,0
622,1,4,20.0,0,252,0
623,14,0,20.0,0,253,0
624,10,20,20.0,0,254,0
625,4,2,20.0,0,255,0
626,7,1,20.0,0,255,0
627,3,15,20.0,0,255,0
628,5,5,20.0,0,255,0
629,7,5,20.0,0,256,0
630,5,1,20.0,0,257,0
631,10,0,20.0,0,257,0
632,13,5,20.0,0,257,0
633,1,1,20.0,0,258,0
634,0,11,20.0,0,259,0
635,3,1,20.0,0,260,0
636,9,0,20.0,0,260,0
637,0,5,20.0,0,260,0
638,8,9,20.0,0,260,0
639,12,5,20.0,0,260,0
640,2,1,20.0,0,260,0
641,2,2,20.0,0,261,0
642,1,1,20.0,0,261,0
643,2,0,20.0,0,262,0
644,1,1,20.0,0,263,0
645,1,5,20.0,0,263,0
646,16,0,20.0,0,264,0
647,5,0,20.0,0,264,0
648,5,1,20.0,0,265,0
649,2,19,20.0,0,266,0
650,1,0,20.0,0,267,0
651,6,0,20.0,0,267,0
652,3,1,20.0,0,267,0
653,2,0,20.0,0,268,0
654,8,6,20.0,0,268,0
655,9,0,20.0,0,268,0
656,2,0,20.0,0,269,0
657,12,0,20.0,0,269,0
658,2,1,20.0,0,269,0
659,11,3,20.0,0,270,0
660,3,20,20.0,0,271,0
661,3,2,20.0,0,271,0
662,19,1,20.0,0,271,0
663,4,11,20.0,0,272,0
664,9,0,20.0,0,272,0
665,4,1,20.0,0,272,0
666,2,1,20.0,0,273,0
667,15,0,20.0,0,273,0
668,10,3,20.0,0,274,0
669,1,4,20.0,0,274,0
670,8,4,20.0,0,275,0
671,10,9,20.0,0,276,0
672,7,0,20.0,0,276,0
673,2,2,20.0,0,277,0
674,0,0,20.0,0,277,0
675,11,0,20.0,0,278,0
676,9,0,20.0,0,279,0
677,1,10,20.0,0,279,0
678,2,1,20.0,0,279,0
679,1,2,20.0,0,280,0
680,15,2,20.0,0,281,0
681,3,3,20.0,0,282,0
682,10,1,20.0,0,282,0
683,22,8,20.0,0,282,0
684,3,2,20.0,0,282,0
685,3,3,20.0,0,282,0
686,10,0,20.0,0,282,0
687,6,6,20.0,0,282,0
688,9,0,20.0,0,283,0
689,8,4,20.0,0,283,0
690,14,9,20.0,0,283,0
691,3,3,20.0,0,283,0
692,16,6,20.0,0,284,0
693,12,2,20.0,0,285,0
694,14,4,20.0,0,285,0
695,4,6,20.0,0,285,0
696,1,6,20.0,0,286,0
697,0,7,20.0,0,286,0
698,2,1,20.0,0,287,0
699,3,1,20.0,0,287,0
700,6,6,20.0,0,287,0
701,5,0,20.0,0,288,0
702,1,1,20.0,0,289,0
703,4,1,20.0,0,289,0
704,8,3,20.0,0,290,0
705,5,1,20.0,0,290,0
706,2,2,20.0,0,291,0
707,7,6,20.0,0,291,0
708,6,1,20.0,0,291,0
709,0,0,20.0,0,292,0
710,4,0,20.0,0,293,0
711,11,5,20.0,0,293,0
712,4,9,20.0,0,293,0
713,4,2,20.0,0,293,0
714,6,0,20.0,0,293,0
715,4,5,20.0,0,293,0
716,0,1,20.0,0,294,0
717,6,0,20.0,0,295,0
718,8,2,20.0,0,295,0
719,7,1,20.0,0,295,0
720,2,0,20.0,0,295,0
721,7,0,20.0,0,295,0
722,10,0,20.0,0,295,0
723,6,0,20.0,0,295,0
724,5,6,20.0,0,295,0
725,6,1,20.0,0,295,0
726,8,1,20.0,0,295,0
727,13,0,20.0,0,295,0
728,2,0,20.0,0,295,0
729,0,0,20.0,0,295,0
730,8,3,20.0,0,296,0
731,2,6,20.0,0,297,0
732,2,3,20.0,0,297,0
733,3,10,20.0,0,297,0
734,0,7,20.0,0,298,0
735,2,2,20.0,0,298,0
736,10,0,20.0,0,299,0
737,2,1,20.0,0,299,0
738,1,0,20.0,0,299,0
739,5,3,20.0,0,299,0
740,0,5,20.0,0,299,0
741,13,0,20.0,0,299,0
742,4,4,20.0,0,299,0
743,19,0,20.0,0,300,0
744,2,5,20.0,0,301,0
745,5,10,20.0,0,302,0
746,7,1,20.0,0,302,0
747,8,0,20.0,0,302,0
748,4,2,20.0,0,302,0
749,3,2,20.0,0,303,0
750,14,0,20.0,0,303,0
751,16,1,20.0,0,303,0
752,8,3,20.0,0,303,0
753,4,10,20.0,0,304,0
754,3,0,20.0,0,305,0
755,13,1,20.0,0,306,0
756,2,2,20.0,0,306,0
757,6,2,20.0,0,307,0
758,8,3,20.0,0,307,0
759,1,6,20.0,0,307,0
760,3,0,20.0,0,307,0
761,15,10,20.0,0,307,0
762,5,8,20.0,0,307,0
763,9,6,20.0,0,307,0
764,13,0,20.0,0,307,0
765,15,8,20.0,0,308,0
766,2,1,20.0,0,309,0
767,12,2,20.0,0,309,0
768,8,0,20.0,0,309,0
769,9,0,20.0,0,310,0
770,1,0,20.0,0,311,0
771,8,8,20.0,0,312,0
772,1,3,20.0,0,313,0
773,7,2,20.0,0,313,0
774,7,1,20.0,0,314,0
775,10,8,20.0,0,314,0
776,0,4,20.0,0,314,0
777,2,3,20.0,0,314,0
778,3,6,20.0,0,314,0
779,3,10,20.0,0,314,0
780,8,8,20.0,0,315,0
781,5,0,20.0,0,315,0
782,8,1,20.0,0,315,0
783,14,4,20.0,0,315,0
784,13,0,20.0,0,315,0
785,3,5,20.0,0,316,0
786,3,0,20.0,0,316,0
787,15,3,20.0,0,316,0
788,8,0,20.0,0,316,0
789,1,0,20.0,0,317,0
790,8,1,20.0,0,317,0
791,3,5,20.0,0,317,0
792,0,3,20.0,0,317,0
793,19,2,20.0,0,318,0
794,4,9,20.0,0,318,0
795,3,2,20.0,0,319,0
796,15,0,20.0,0,320,0
797,3,1,20.0,0,321,0
798,5,3,20.0,0,321,0
799,20,0,20.0,0,322,0
800,3,1,20.0,0,323,0
801,2,0,20.0,0,324,0
802,0,0,20.0,0,324,0
803,1,1,20.0,0,325,0
804,0,0,20.0,0,326,0
805,1,4,20.0,0,326,0
806,5,1,20.0,0,326,0
807,5,0,20.0,0,327,0
808,10,2,20.0,0,328,0
809,3,4,20.0,0,329,0
810,6,3,20.0,0,329,0
811,2,4,20.0,0,330,0
812,9,4,20.0,0,330,0
813,4,9,20.0,0,330,0
814,4,2,20.0,0,331,0
815,12,0,20.0,0,332,0
816,5,2,20.0,0,332,0
817,12,2,20.0,0,332,0
818,18,1,20.0,0,332,0
819,117,2,20.0,1,333,0
820,7,0,20.0,0,334,0
821,19,2,20.0,0,334,0
822,10,1,20.0,0,334,0
823,0,0,20.0,0,335,0
824,0,0,20.0,0,336,0
825,5,6,20.0,0,337,0
826,1,2,20.0,0,337,0
827,9,3,20.0,0,337,0
828,9,9,20.0,0,338,0
829,11,8,20.0,0,339,0
830,6,3,20.0,0,340,0
831,13,4,20.0,0,341,0
832,5,2,20.0,0,341,0
833,3,0,20.0,0,342,0
834,6,0,20.0,0,342,0
835,3,2,20.0,0,342,0
836,6,3,20.0,0,342,0
837,8,4,20.0,0,342,0
838,1,2,20.0,0,342,0
839,17,0,20.0,0,343,0
840,15,3,20.0,0,343,0
841,0,0,20.0,0,344,0
842,1,5,20.0,0,344,0
843,3,1,20.0,0,344,0
844,8,0,20.0,0,344,0
845,5,0,20.0,0,345,0
846,10,12,20.0,0,345,0
847,1,1,20.0,0,346,0
848,1,11,20.0,0,346,0
849,13,6,20.0,0,346,0
850,15,0,20.0,0,346,0
851,7,4,20.0,0,346,0
852,2,3,20.0,0,346,0
853,2,0,20.0,0,346,0
854,0,0,20.0,0,347,0
855,4,0,20.0,0,348,0
856,0,0,20.0,0,349,0
857,3,0,20.0,0,350,0
858,2,3,20.0,0,350,0
859,2,6,20.0,0,350,0
860,13,3,20.0,0,350,0
861,2,5,20.0,0,351,0
862,5,3,20.0,0,351,0
863,4,2,20.0,0,351,0
864,4,2,20.0,0,352,0
865,13,0,20.0,0,353,0
866,2,1,20.0,0,353,0
867,3,10,20.0,0,353,0
868,16,3,20.0,0,353,0
869,13,7,20.0,0,354,0
870,3,2,20.0,0,354,0
871,9,0,20.0,0,354,0
872,9,13,20.0,0,355,0
873,8,3,20.0,0,355,0
874,11,2,20.0,0,356,0
875,0,0,20.0,0,356,0
876,5,6,20.0,0,356,0
877,11,3,20.0,0,357,0
878,7,5,20.0,0,357,0
879,21,5,20.0,0,358,0
880,4,3,20.0,0,359,0
881,4,4,20.0,0,359,0
882,2,10,20.0,0,359,0
883,4,2,20.0,0,360,0
884,14,1,20.0,0,360,0
885,13,9,20.0,0,360,0
886,4,0,20.0,0,360,0
887,4,8,20.0,0,361,0
888,2,2,20.0,0,361,0
889,18,1,20.0,0,362,0
890,2,5,20.0,0,362,0
891,18,0,20.0,0,362,0
892,9,8,20.0,0,362,0
893,8,1,20.0,0,363,0
894,2,2,20.0,0,363,0
895,4,1,20.0,0,364,0
896,4,4,20.0,0,364,0
897,3,0,20.0,0,365,0
898,3,7,20.0,0,365,0
899,4,2,20.0,0,365,0
900,5,4,20.0,0,365,0
901,5,8,20.0,0,365,0
902,9,3,20.0,0,365,0
903,1,5,20.0,0,365,0
904,1,0,20.0,0,365,0
905,12,1,20.0,0,365,0
906,7,0,20.0,0,366,0
907,5,5,20.0,0,366,0
908,5,0,20.0,0,367,0
909,6,7,20.0,0,367,0
910,0,2,20.0,0,368,0
911,13,0,20.0,0,368,0
912,7,0,20.0,0,369,0
913,9,6,20.0,0,370,0
914,3,1,20.0,0,371,0
915,8,7,20.0,0,371,0
916,5,0,20.0,0,371,0
917,12,2,20.0,0,372,0
918,1,1,20.0,0,372,0
919,4,5,20.0,0,372,0
920,0,8,20.0,0,372,0
921,7,4,20.0,0,372,0
922,10,3,20.0,0,373,0
923,4,3,20.0,0,374,0
924,8,5,20.0,0,374,0
925,2,2,20.0,0,374,0
926,4,2,20.0,0,375,0
927,1,3,20.0,0,375,0
928,3,7,20.0,0,376,0
929,2,2,20.0,0,376,0
930,10,0,20.0,0,377,0
931,3,1,20.0,0,378,0
932,3,2,20.0,0,379,0
933,6,2,20.0,0,379,0
934,8,3,20.0,0,379,0
935,0,4,20.0,0,379,0
936,5,3,20.0,0,380,0
937,3,3,20.0,0,380,0
938,9,4,20.0,0,381,0
939,18,1,20.0,0,381,0
940,9,2,20.0,0,382,0
941,2,6,20.0,0,382,0
942,3,8,20.0,0,382,0
943,3,4,20.0,0,383,0
944,10,0,20.0,0,384,0
945,15,0,20.0,0,384,0
946,0,9,20.0,0,384,0
947,1,1,20.0,0,384,0
948,1,2,20.0,0,385,0
949,11,2,20.0,0,385,0
950,8,3,20.0,0,385,0
951,10,2,20.0,0,385,0
952,2,0,20.0,0,386,0
953,3,8,20.0,0,386,0
954,7,0,20.0,0,386,0
955,1,27,20.0,0,386,0
956,3,0,20.0,0,386,0
957,0,4,20.0,0,386,0
958,1,2,20.0,0,386,0
959,1,3,20.0,0,386,0
960,2,1,20.0,0,386,0
961,10,6,20.0,0,386,0
962,9,4,20.0,0,387,0
963,8,0,20.0,0,388,0
964,5,1,20.0,0,389,0
965,7,5,20.0,0,389,0
966,4,1,20.0,0,390,0
967,6,8,20.0,0,391,0
968,14,2,20.0,0,391,0
969,6,7,20.0,0,391,0
970,0,6,20.0,0,392,0
971,6,3,20.0,0,393,0
972,3,2,20.0,0,393,0
973,7,0,20.0,0,394,0
974,14,1,20.0,0,394,0
975,458,0,20.0,1,395,0
976,73,8,20.0,1,395,0
977,5,4,20.0,0,396,0
978,0,4,20.0,0,396,0
979,3,0,20.0,0,396,0
980,3,0,20.0,0,397,0
981,1,2,20.0,0,397,0
982,2,0,20.0,0,398,0
983,7,2,20.0,0,398,0
984,2,2,20.0,0,399,0
985,7,0,20.0,0,399,0
986,12,9,20.0,0,399,0
987,0,6,20.0,0,399,0
988,11,5,20.0,0,399,0
989,6,1,20.0,0,399,0
990,6,4,20.0,0,399,0
991,12,3,20.0,0,400,0
992,4,7,20.0,0,400,0
993,1,2,20.0,0,401,0
994,2,3,20.0,0,401,0
995,1,6,20.0,0,402,0
996,16,0,20.0,0,403,0
997,4,4,20.0,0,403,0
998,2,0,20.0,0,403,0
999,1,3,20.0,0,404,0
1000,16,1,20.0,0,405,0
1001,12,1,20.0,0,406,0
1002,8,12,20.0,0,407,0
1003,5,25,20.0,0,407,0
1004,4,0,20.0,0,407,0
1005,4,2,20.0,0,407,0
1006,3,2,20.0,0,408,0
1007,9,5,20.0,0,409,0
1008,9,12,20.0,0,409,0
1009,2,5,20.0,0,409,0
1010,6,7,20.0,0,410,0
1011,9,0,20.0,0,411,0
1012,9,0,20.0,0,411,0
1013,4,3,20.0,0,412,0
1014,5,1,20.0,0,413,0
1015,19,4,20.0,0,413,0
1016,11,1,20.0,0,413,0
1017,6,0,20.0,0,413,0
1018,3,1,20.0,0,414,0
1019,16,4,20.0,0,414,0
1020,0,9,20.0,0,414,0
1021,3,0,20.0,0,414,0
1022,7,7,20.0,0,415,0
1023,1,1,20.0,0,415,0
1024,4,5,20.0,0,415,0
1025,15,0,20.0,0,415,0
1026,12,2,20.0,0,416,0
1027,0,4,20.0,0,416,0
1028,1,4,20.0,0,416,0
1029,10,1,20.0,0,417,0
1030,6,2,20.0,0,418,0
1031,12,2,20.0,0,418,0
1032,17,0,20.0,0,418,0
1033,0,1,20.0,0,418,0
1034,11,0,20.0,0,418,0
1035,0,3,20.0,0,419,0
1036,0,3,20.0,0,419,0
1037,8,6,20.0,0,419,0
1038,5,0,20.0,0,419,0
1039,4,5,20.0,0,419,0
1040,9,2,20.0,0,419,0
1041,5,9,20.0,0,419,0
1042,3,11,20.0,0,419,0
1043,6,9,20.0,0,419,0
1044,7,2,20.0,0,419,0
1045,4,5,20.0,0,419,0
1046,2,7,20.0,0,419,0
1047,1,0,20.0,0,420,0
1048,1,3,20.0,0,421,0
1049,3,1,20.0,0,421,0
1050,12,0,20.0,0,421,0
1051,8,1,20.0,0,421,0
1052,2,3,20.0,0,421,0
1053,6,5,20.0,0,421,0
1054,22,6,20.0,0,422,0
1055,2,3,20.0,0,422,0
1056,25,1,20.0,0,422,0
1057,10,5,20.0,0,422,0
1058,16,2,20.0,0,423,0
1059,12,3,20.0,0,424,0
1060,5,0,20.0,0,424,0
1061,16,3,20.0,0,424,0
1062,4,3,20.0,0,425,0
1063,3,9,20.0,0,426,0
1064,17,0,20.0,0,426,0
1065,10,5,20.0,0,426,0
1066,13,2,20.0,0,427,0
1067,6,0,20.0,0,428,0
1068,3,5,20.0,0,429,0
1069,1,0,20.0,0,430,0
1070,1,3,20.0,0,431,0
1071,10,5,20.0,0,432,0
1072,21,0,20.0,0,432,0
1073,1,4,20.0,0,432,0
1074,9,3,20.0,0,433,0
1075,12,6,20.0,0,433,0
1076,4,1,20.0,0,434,0
1077,16,2,20.0,0,434,0
1078,9,1,20.0,0,435,0
1079,5,10,20.0,0,436,0
1080,10,5,20.0,0,436,0
1081,3,0,20.0,0,436,0
1082,1,3,20.0,0,437,0
1083,1,1,20.0,0,437,0
1084,18,3,20.0,0,437,0
1085,5,0,20.0,0,437,0
1086,3,5,20.0,0,438,0
1087,4,0,20.0,0,438,0
1088,3,4,20.0,0,438,0
1089,11,15,20.0,0,438,0
1090,8,0,20.0,0,439,0
1091,4,0,20.0,0,439,0
1092,5,1,20.0,0,439,0
1093,5,4,20.0,0,439,0
1094,6,9,20.0,0,440,0
1095,4,2,20.0,0,441,0
1096,8,0,20.0,0,441,0
1097,2,5,20.0,0,441,0
1098,3,1,20.0,0,441,0
1099,2,4,20.0,0,442,0
1100,2,0,20.0,0,443,0
1101,4,0,20.0,0,443,0
1102,1,7,20.0,0,443,0
1103,1,10,20.0,0,443,0
1104,7,4,20.0,0,443,0
1105,1,3,20.0,0,443,0
1106,5,3,20.0,0,443,0
1107,5,4,20.0,0,443,0
1108,3,1,20.0,0,444,0
1109,14,8,20.0,0,444,0
1110,6,1,20.0,0,444,0
1111,59,2,20.0,1,445,0
1112,252,4,20.0,1,445,0
1113,7,2,20.0,0,446,0
1114,5,9,20.0,0,447,0
1115,3,7,20.0,0,447,0
1116,8,7,20.0,0,448,0
1117,10,0,20.0,0,449,0
1118,8,1,20.0,0,449,0
1119,0,4,20.0,0,449,0
1120,3,4,20.0,0,449,0
1121,2,7,20.0,0,450,0
1122,5,0,20.0,0,451,0
1123,5,0,20.0,0,451,0
1124,1,4,20.0,0,452,0
1125,8,9,20.0,0,453,0
1126,12,6,20.0,0,453,0
1127,6,5,20.0,0,453,0
1128,14,27,20.0,0,453,0
1129,13,2,20.0,0,454,0
1130,25,3,20.0,0,455,0
1131,7,1,20.0,0,455,0
1132,9,15,20.0,0,455,0
1133,7,9,20.0,0,456,0
1134,3,11,20.0,0,457,0
1135,4,0,20.0,0,458,0
1136,8,2,20.0,0,458,0
1137,7,21,20.0,0,459,0
1138,6,0,20.0,0,459,0
1139,16,1,20.0,0,459,0
1140,10,0,20.0,0,459,0
1141,8,1,20.0,0,459,0
1142,10,3,20.0,0,459,0
1143,1,0,20.0,0,460,0
1144,15,1,20.0,0,460,0
1145,5,1,20.0,0,460,0
1146,8,3,20.0,0,460,0
1147,2,7,20.0,0,460,0
1148,12,0,20.0,0,461,0
1149,14,10,20.0,0,462,0
1150,1,4,20.0,0,462,0
1151,8,7,20.0,0,462,0
1152,5,2,20.0,0,463,0
1153,1,0,20.0,0,463,0
1154,20,0,20.0,0,464,0
1155,7,3,20.0,0,465,0
1156,16,0,20.0,0,465,0
1157,0,1,20.0,0,465,0
1158,2,2,20.0,0,465,0
1159,8,9,20.0,0,465,0
1160,4,5,20.0,0,465,0
1161,15,1,20.0,0,466,0
1162,1,4,20.0,0,467,0
1163,13,15,20.0,0,467,0
1164,1,4,20.0,0,467,0
1165,9,0,20.0,0,467,0
1166,5,0,20.0,0,467,0
1167,4,0,20.0,0,468,0
1168,7,1,20.0,0,468,0
1169,20,8,20.0,0,468,0
1170,9,0,20.0,0,468,0
1171,0,0,20.0,0,468,0
1172,3,0,20.0,0,469,0
1173,15,6,20.0,0,469,0
1174,2,5,20.0,0,469,0
1175,0,2,20.0,0,470,0
1176,5,0,20.0,0,471,0
1177,5,0,20.0,0,472,0
1178,2,0,20.0,0,472,0
1179,1,4,20.0,0,473,0
1180,3,0,20.0,0,473,0
1181,3,2,20.0,0,473,0
1182,0,4,20.0,0,473,0
1183,4,0,20.0,0,473,0
1184,5,0,20.0,0,473,0
1185,5,19,20.0,0,473,0
1186,8,0,20.0,0,474,0
1187,2,0,20.0,0,474,0
1188,13,8,20.0,0,474,0
1189,3,3,20.0,0,474,0
1190,2,4,20.0,0,474,0
1191,7,0,20.0,0,474,0
1192,5,1,20.0,0,475,0
1193,0,8,20.0,0,475,0
1194,0,2,20.0,0,475,0
1195,0,6,20.0,0,475,0
1196,11,0,20.0,0,475,0
1197,0,10,20.0,0,476,0
1198,4,0,20.0,0,476,0
1199,2,0,20.0,0,477,0
1200,3,1,20.0,0,477,0
1201,3,1,20.0,0,478,0
1202,3,8,20.0,0,478,0
1203,12,3,20.0,0,479,0
1204,6,9,20.0,0,480,0
1205,7,0,20.0,0,481,0
1206,7,2,20.0,0,482,0
1207,8,3,20.0,0,482,0
1208,10,5,20.0,0,483,0
1209,1,3,20.0,0,484,0
1210,2,2,20.0,0,485,0
1211,1,3,20.0,0,485,0
1212,4,6,20.0,0,485,0
1213,7,2,20.0,0,485,0
1214,11,2,20.0,0,486,0
1215,0,21,20.0,0,486,0
1216,0,0,20.0,0,486,0
1217,0,4,20.0,0,487,0
1218,17,5,20.0,0,487,0
1219,13,7,20.0,0,487,0
1220,14,0,20.0,0,488,0
1221,4,9,20.0,0,488,0
1222,1,4,20.0,0,488,0
1223,5,0,20.0,0,488,0
1224,9,0,20.0,0,488,0
1225,10,1,20.0,0,489,0
1226,4,2,20.0,0,490,0
1227,0,3,20.0,0,490,0
1228,3,0,20.0,0,490,0
1229,0,16,20.0,0,491,0
1230,2,2,20.0,0,491,0
1231,0,6,20.0,0,491,0
1232,1,3,20.0,0,492,0
1233,2,1,20.0,0,493,0
1234,11,0,20.0,0,494,0
1235,12,1,20.0,0,495,0
1236,15,3,20.0,0,495,0
1237,2,8,20.0,0,496,0
1238,18,4,20.0,0,496,0
1239,1,10,20.0,0,496,0
1240,24,1,20.0,0,496,0
1241,1,5,20.0,0,496,0
1242,6,4,20.0,0,497,0
1243,4,0,20.0,0,497,0
1244,12,0,20.0,0,497,0
1245,5,7,20.0,0,497,0
1246,9,0,20.0,0,498,0
1247,1,2,20.0,0,498,0
1248,11,3,20.0,0,499,0
1249,10,1,20.0,0,499,0
1250,3,1,20.0,0,500,0
1251,3,2,20.0,0,500,0
1252,7,9,20.0,0,500,0
1253,225,4,20.0,1,501,0
1254,52,0,20.0,1,501,0
1255,158,27,20.0,1,501,0
1256,3,3,20.0,0,502,0
1257,6,1,20.0,0,502,0
1258,2,9,20.0,0,502,0
1259,7,0,20.0,0,503,0
1260,1,1,20.0,0,503,0
1261,6,1,20.0,0,504,0
1262,33,4,20.0,0,504,0
1263,2,10,20.0,0,504,0
1264,5,4,20.0,0,504,0
1265,2,4,20.0,0,505,0
1266,2,8,20.0,0,505,0
1267,2,3,20.0,0,506,0
1268,6,0,20.0,0,506,0
1269,2,0,20.0,0,506,0
1270,1,0,20.0,0,507,0
1271,3,10,20.0,0,507,0
1272,10,2,20.0,0,507,0
1273,5,0,20.0,0,508,0
1274,4,1,20.0,0,509,0
1275,15,6,20.0,0,509,0
1276,1,1,20.0,0,510,0
1277,11,2,20.0,0,510,0
1278,21,0,20.0,0,510,0
1279,4,0,20.0,0,510,0
1280,7,2,20.0,0,510,0
1281,7,0,20.0,0,511,0
1282,12,5,20.0,0,511,0
1283,2,0,20.0,0,511,0
1284,2,5,20.0,0,511,0
1285,2,7,20.0,0,512,0
1286,8,9,20.0,0,512,0
1287,7,0,20.0,0,513,0
1288,13,2,20.0,0,513,0
1289,1,8,20.0,0,514,0
1290,0,3,20.0,0,514,0
1291,3,7,20.0,0,514,0
1292,5,1,20.0,0,514,0
1293,15,0,20.0,0,515,0
1294,14,8,20.0,0,515,0
1295,15,0,20.0,0,515,0
1296,7,6,20.0,0,516,0
1297,5,8,20.0,0,516,0
1298,8,1,20.0,0,516,0
1299,1,1,20.0,0,516,0
1300,10,1,20.0,0,516,0
1301,19,5,20.0,0,516,0
1302,11,2,20.0,0,516,0
1303,43,1,20.0,1,517,0
1304,269,1,20.0,1,517,0
1305,0,9,20.0,0,518,0
1306,14,9,20.0,0,519,0
1307,17,6,20.0,0,520,0
1308,2,0,20.0,0,520,0
1309,7,15,20.0,0,521,0
1310,4,5,20.0,0,522,0
1311,10,1,20.0,0,522,0
1312,1,0,20.0,0,523,0
1313,3,15,20.0,0,523,0
1314,17,3,20.0,0,523,0
1315,3,0,20.0,0,524,0
1316,0,5,20.0,0,525,0
1317,10,1,20.0,0,526,0
1318,3,8,20.0,0,526,0
1319,8,0,20.0,0,526,0
1320,2,0,20.0,0,526,0
1321,1,2,20.0,0,527,0
1322,4,0,20.0,0,527,0
1323,4,0,20.0,0,528,0
1324,15,7,20.0,0,528,0
1325,8,5,20.0,0,528,0
1326,10,0,20.0,0,528,0
1327,4,0,20.0,0,528,0
1328,4,3,20.0,0,529,0
1329,3,7,20.0,0,529,0
1330,1,2,20.0,0,529,0
1331,14,1,20.0,0,530,0
1332,7,5,20.0,0,530,0
1333,4,8,20.0,0,531,0
1334,6,0,20.0,0,531,0
1335,1,0,20.0,0,531,0
1336,0,0,20.0,0,532,0
1337,10,14,20.0,0,532,0
1338,144,2,20.0,1,533,0
1339,22,0,20.0,1,533,0
1340,85,0,20.0,1,533,0
1341,114,4,20.0,1,533,0
1342,93,0,20.0,1,533,0
1343,248,0,20.0,1,534,0
1344,2,1,20.0,0,535,0
1345,4,0,20.0,0,536,0
1346,7,8,20.0,0,536,0
1347,2,2,20.0,0,536,0
1348,9,1,20.0,0,537,0
1349,5,14,20.0,0,538,0
1350,14,2,20.0,0,538,0
1351,6,3,20.0,0,539,0
1352,11,2,20.0,0,539,0
1353,5,13,20.0,0,540,0
1354,10,0,20.0,0,541,0
1355,4,0,20.0,0,541,0
1356,8,2,20.0,0,542,0
1357,2,1,20.0,0,543,0
1358,1,9,20.0,0,544,0
1359,5,0,20.0,0,545,0
1360,7,0,20.0,0,545,0
1361,6,1,20.0,0,545,0
1362,1,2,20.0,0,545,0
1363,7,7,20.0,0,545,0
1364,2,6,20.0,0,545,0
1365,6,0,20.0,0,545,0
1366,17,13,20.0,0,546,0
1367,9,0,20.0,0,547,0
1368,4,1,20.0,0,547,0
1369,1,5,20.0,0,547,0
1370,2,2,20.0,0,548,0
1371,0,6,20.0,0,548,0
1372,6,17,20.0,0,549,0
1373,2,3,20.0,0,549,0
1374,2,2,20.0,0,549,0
1375,11,3,20.0,0,550,0
1376,1,1,20.0,0,551,0
1377,10,5,20.0,0,552,0
1378,7,5,20.0,0,552,0
1379,0,2,20.0,0,552,0
1380,2,4,20.0,0,552,0
1381,0,4,20.0,0,553,0
1382,8,3,20.0,0,553,0
1383,14,3,20.0,0,553,0
1384,17,0,20.0,0,553,0
1385,6,0,20.0,0,553,0
1386,12,0,20.0,0,554,0
1387,2,16,20.0,0,555,0
1388,15,1,20.0,0,555,0
1389,3,3,20.0,0,556,0
1390,4,5,20.0,0,557,0
1391,6,1,20.0,0,557,0
1392,8,2,20.0,0,557,0
1393,8,7,20.0,0,557,0
1394,11,3,20.0,0,557,0
1395,14,0,20.0,0,557,0
1396,29,2,20.0,0,558,0
1397,2,1,20.0,0,558,0
1398,10,9,20.0,0,559,0
1399,1,0,20.0,0,560,0
1400,11,0,20.0,0,561,0
1401,3,0,20.0,0,562,0
1402,1,2,20.0,0,562,0
1403,4,0,20.0,0,563,0
1404,4,11,20.0,0,563,0
1405,0,8,20.0,0,563,0
1406,18,3,20.0,0,563,0
1407,13,0,20.0,0,564,0
1408,3,3,20.0,0,564,0
1409,2,1,20.0,0,565,0
1410,4,1,20.0,0,566,0
1411,2,3,20.0,0,567,0
1412,5,4,20.0,0,568,0
1413,2,3,20.0,0,568,0
1414,5,0,20.0,0,568,0
1415,2,3,20.0,0,569,0
1416,3,0,20.0,0,569,0
1417,2,5,20.0,0,570,0
1418,0,12,20.0,0,571,0
1419,10,3,20.0,0,571,0
1420,2,0,20.0,0,571,0
1421,6,0,20.0,0,572,0
1422,9,0,20.0,0,573,0
1423,1,1,20.0,0,574,0
1424,3,2,20.0,0,574,0
1425,6,8,20.0,0,574,0
1426,1,0,20.0,0,574,0
1427,8,3,20.0,0,574,0
1428,9,0,20.0,0,575,0
1429,7,23,20.0,0,575,0
1430,2,8,20.0,0,575,0
1431,2,14,20.0,0,576,0
1432,10,11,20.0,0,576,0
1433,7,1,20.0,0,577,0
1434,5,3,20.0,0,578,0
1435,8,12,20.0,0,579,0
1436,9,1,20.0,0,580,0
1437,3,3,20.0,0,581,0
1438,5,0,20.0,0,582,0
1439,12,1,20.0,0,582,0
1440,3,4,20.0,0,583,0
1441,2,1,20.0,0,583,0
1442,0,3,20.0,0,583,0
1443,0,0,20.0,0,583,0
1444,1,8,20.0,0,584,0
1445,7,3,20.0,0,585,0
1446,9,0,20.0,0,585,0
1447,2,3,20.0,0,586,0
1448,11,12,20.0,0,586,0
1449,5,0,20.0,0,586,0
1450,3,7,20.0,0,587,0
1451,7,4,20.0,0,587,0
1452,6,0,20.0,0,588,0
1453,7,1,20.0,0,588,0
1454,4,6,20.0,0,589,0
1455,1,1,20.0,0,589,0
1456,5,0,20.0,0,590,0
1457,1,4,20.0,0,590,0
1458,3,19,20.0,0,590,0
1459,14,7,20.0,0,590,0
1460,2,0,20.0,0,590,0
1461,1,12,20.0,0,591,0
1462,7,2,20.0,0,592,0
1463,30,7,20.0,0,593,0
1464,15,1,20.0,0,594,0
1465,8,1,20.0,0,594,0
1466,13,4,20.0,0,595,0
1467,4,0,20.0,0,595,0
1468,22,0,20.0,0,595,0
1469,4,3,20.0,0,596,0
1470,0,9,20.0,0,597,0
1471,1,3,20.0,0,597,0
1472,2,1,20.0,0,597,0
1473,9,7,20.0,0,597,0
1474,5,0,20.0,0,598,0
1475,2,2,20.0,0,598,0
1476,6,8,20.0,0,599,0
1477,14,9,20.0,0,600,0
1478,2,0,20.0,0,600,0
1479,12,1,20.0,0,600,0
1480,6,6,20.0,0,601,0
1481,0,6,20.0,0,602,0
1482,8,0,20.0,0,602,0
1483,15,0,20.0,0,603,0
1484,4,4,20.0,0,604,0
1485,12,0,20.0,0,605,0
1486,1,5,20.0,0,605,0
1487,7,0,20.0,0,606,0
1488,9,5,20.0,0,606,0
1489,6,0,20.0,0,606,0
1490,9,0,20.0,0,607,0
1491,7,9,20.0,0,608,0
1492,3,3,20.0,0,608,0
1493,9,0,20.0,0,608,0
1494,4,7,20.0,0,608,0
1495,1,0,20.0,0,608,0
1496,1,5,20.0,0,608,0
1497,0,1,20.0,0,608,0
1498,2,0,20.0,0,608,0
1499,0,1,20.0,0,609,0
1500,7,0,20.0,0,609,0
1501,1,5,20.0,0,609,0
1502,3,0,20.0,0,610,0
1503,11,11,20.0,0,610,0
1504,3,1,20.0,0,611,0
1505,9,9,20.0,0,612,0
1506,39,0,20.0,0,612,0
1507,0,10,20.0,0,613,0
1508,0,2,20.0,0,613,0
1509,0,3,20.0,0,614,0
1510,13,2,20.0,0,614,0
1511,8,4,20.0,0,614,0
1512,3,7,20.0,0,615,0
1513,5,0,20.0,0,615,0
1514,8,3,20.0,0,615,0
1515,13,3,20.0,0,615,0
1516,5,10,20.0,0,615,0
1517,12,1,20.0,0,615,0
1518,2,7,20.0,0,616,0
1519,1,0,20.0,0,616,0
1520,5,0,20.0,0,616,0
1521,2,1,20.0,0,617,0
1522,6,5,20.0,0,618,0
1523,9,0,20.0,0,619,0
1524,17,4,20.0,0,619,0
1525,9,0,20.0,0,620,0
1526,6,4,20.0,0,621,0
1527,5,21,20.0,0,621,0
1528,7,8,20.0,0,621,0
1529,2,5,20.0,0,621,0
1530,13,1,20.0,0,622,0
1531,3,8,20.0,0,622,0
1532,3,3,20.0,0,622,0
1533,3,3,20.0,0,622,0
1534,1,2,20.0,0,622,0
1535,13,0,20.0,0,622,0
1536,9,0,20.0,0,622,0
1537,4,8,20.0,0,623,0
1538,10,0,20.0,0,623,0
1539,1,1,20.0,0,623,0
1540,2,10,20.0,0,624,0
1541,3,1,20.0,0,624,0
1542,9,3,20.0,0,624,0
1543,4,1,20.0,0,625,0
1544,7,0,20.0,0,626,0
1545,2,0,20.0,0,627,0
1546,0,1,20.0,0,627,0
1547,1,8,20.0,0,627,0
1548,3,1,20.0,0,628,0
1549,5,13,20.0,0,628,0
1550,4,6,20.0,0,628,0
1551,0,18,20.0,0,628,0
1552,16,2,20.0,0,628,0
1553,0,3,20.0,0,628,0
1554,8,0,20.0,0,628,0
1555,15,0,20.0,0,628,0
1556,2,0,20.0,0,628,0
1557,10,3,20.0,0,628,0
1558,2,0,20.0,0,628,0
1559,3,7,20.0,0,628,0
1560,12,6,20.0,0,629,0
1561,9,5,20.0,0,630,0
1562,10,2,20.0,0,631,0
1563,13,2,20.0,0,631,0
1564,2,0,20.0,0,632,0
1565,1,7,20.0,0,632,0
1566,3,1,20.0,0,632,0
1567,12,1,20.0,0,632,0
1568,1,5,20.0,0,633,0
1569,0,3,20.0,0,634,0
1570,7,3,20.0,0,634,0
1571,28,0,20.0,0,634,0
1572,1,0,20.0,0,635,0
1573,8,4,20.0,0,636,0
1574,17,1,20.0,0,637,0
1575,3,0,20.0,0,638,0
1576,6,3,20.0,0,638,0
1577,3,3,20.0,0,638,0
1578,5,12,20.0,0,638,0
1579,6,3,20.0,0,638,0
1580,6,4,20.0,0,638,0
1581,2,1,20.0,0,638,0
1582,9,1,20.0,0,638,0
1583,1,9,20.0,0,639,0
1584,2,5,20.0,0,639,0
1585,7,0,20.0,0,640,0
1586,12,1,20.0,0,640,0
1587,4,2,20.0,0,640,0
1588,3,0,20.0,0,640,0
1589,17,8,20.0,0,641,0
1590,8,0,20.0,0,642,0
1591,5,0,20.0,0,642,0
1592,5,1,20.0,0,643,0
1593,6,3,20.0,0,643,0
1594,2,1,20.0,0,644,0
1595,1,4,20.0,0,644,0
1596,6,0,20.0,0,644,0
1597,1,5,20.0,0,644,0
1598,3,9,20.0,0,645,0
1599,13,5,20.0,0,646,0
1600,22,1,20.0,0,647,0
1601,0,4,20.0,0,647,0
1602,0,8,20.0,0,647,0
1603,4,5,20.0,0,648,0
1604,5,0,20.0,0,649,0
1605,4,1,20.0,0,649,0
1606,7,3,20.0,0,649,0
1607,2,3,20.0,0,649,0
1608,3,1,20.0,0,649,0
1609,2,7,20.0,0,649,0
1610,4,5,20.0,0,649,0
1611,5,4,20.0,0,649,0
1612,2,0,20.0,0,650,0
1613,3,3,20.0,0,650,0
1614,2,1,20.0,0,650,0
1615,10,1,20.0,0,650,0
1616,2,2,20.0,0,650,0
1617,2,0,20.0,0,651,0
1618,5,4,20.0,0,652,0
1619,4,2,20.0,0,653,0
1620,3,0,20.0,0,653,0
1621,13,6,20.0,0,654,0
1622,16,6,20.0,0,654,0
1623,26,3,20.0,0,654,0
1624,7,3,20.0,0,655,0
1625,0,2,20.0,0,655,0
1626,27,3,20.0,0,656,0
1627,4,1,20.0,0,657,0
1628,0,3,20.0,0,657,0
1629,6,0,20.0,0,658,0
1630,4,2,20.0,0,658,0
1631,10,3,20.0,0,658,0
1632,8,5,20.0,0,658,0
1633,21,4,20.0,0,658,0
1634,1,1,20.0,0,659,0
1635,7,2,20.0,0,659,0
1636,5,4,20.0,0,659,0
1637,3,8,20.0,0,659,0
1638,0,3,20.0,0,659,0
1639,6,9,20.0,0,659,0
1640,3,6,20.0,0,660,0
1641,9,0,20.0,0,660,0
1642,13,2,20.0,0,660,0
1643,6,2,20.0,0,661,0
1644,2,0,20.0,0,661,0
1645,10,0,20.0,0,662,0
1646,1,1,20.0,0,662,0
1647,0,0,20.0,0,662,0
1648,4,2,20.0,0,663,0
1649,16,12,20.0,0,663,0
1650,2,2,20.0,0,664,0
1651,6,1,20.0,0,664,0
1652,10,21,20.0,0,664,0
1653,12,2,20.0,0,664,0
1654,4,12,20.0,0,664,0
1655,0,4,20.0,0,665,0
1656,1,9,20.0,0,665,0
1657,5,7,20.0,0,666,0
1658,7,2,20.0,0,666,0
1659,1,1,20.0,0,666,0
1660,7,0,20.0,0,666,0
1661,10,2,20.0,0,667,0
1662,6,3,20.0,0,668,0
1663,11,7,20.0,0,669,0
1664,11,8,20.0,0,669,0
1665,8,2,20.0,0,669,0
1666,13,13,20.0,0,670,0
1667,2,5,20.0,0,670,0
1668,1,0,20.0,0,670,0
1669,10,3,20.0,0,670,0
1670,9,1,20.0,0,670,0
1671,2,0,20.0,0,671,0
1672,8,4,20.0,0,672,0
1673,9,2,20.0,0,672,0
1674,7,11,20.0,0,672,0
1675,2,0,20.0,0,673,0
1676,0,0,20.0,0,674,0
1677,7,0,20.0,0,675,0
1678,2,2,20.0,0,676,0
1679,5,2,20.0,0,677,0
1680,6,1,20.0,0,677,0
1681,8,2,20.0,0,678,0
1682,31,0,20.0,0,678,0
1683,4,4,20.0,0,678,0
1684,7,0,20.0,0,679,0
1685,4,10,20.0,0,680,0
1686,10,2,20.0,0,680,0
1687,9,0,20.0,0,680,0
1688,4,2,20.0,0,680,0
1689,1,11,20.0,0,681,0
1690,14,0,20.0,0,682,0
1691,9,13,20.0,0,683,0
1692,3,0,20.0,0,684,0
1693,6,0,20.0,0,685,0
1694,4,4,20.0,0,686,0
1695,11,3,20.0,0,687,0
1696,14,1,20.0,0,687,0
1697,17,1,20.0,0,687,0
1698,4,1,20.0,0,688,0
1699,0,19,20.0,0,688,0
1700,0,0,20.0,0,689,0
1701,7,4,20.0,0,689,0
1702,7,6,20.0,0,689,0
1703,12,2,20.0,0,689,0
1704,12,0,20.0,0,689,0
1705,13,20,20.0,0,690,0
1706,4,1,20.0,0,691,0
1707,5,5,20.0,0,692,0
1708,10,1,20.0,0,692,0
1709,4,4,20.0,0,693,0
1710,9,0,20.0,0,693,0
1711,7,0,20.0,0,693,0
1712,7,0,20.0,0,694,0
1713,11,6,20.0,0,694,0
1714,3,4,20.0,0,695,0
1715,19,12,20.0,0,695,0
1716,7,0,20.0,0,696,0
1717,1,2,20.0,0,697,0
1718,10,5,20.0,0,697,0
1719,9,5,20.0,0,697,0
1720,11,4,20.0,0,697,0
1721,7,1,20.0,0,697,0
1722,11,11,20.0,0,697,0
1723,5,8,20.0,0,697,0
1724,2,2,20.0,0,697,0
1725,21,3,20.0,0,697,0
1726,1,1,20.0,0,697,0
1727,1,3,20.0,0,698,0
1728,5,8,20.0,0,698,0
1729,5,2,20.0,0,698,0
1730,0,1,20.0,0,699,0
1731,4,0,20.0,0,700,0
1732,5,0,20.0,0,700,0
1733,4,2,20.0,0,701,0
1734,6,0,20.0,0,702,0
1735,2,18,20.0,0,703,0
1736,1,12,20.0,0,703,0
1737,3,3,20.0,0,703,0
1738,8,2,20.0,0,703,0
1739,10,0,20.0,0,703,0
1740,1,4,20.0,0,703,0
1741,0,4,20.0,0,704,0
1742,7,1,20.0,0,704,0
1743,8,4,20.0,0,704,0
1744,4,0,20.0,0,705,0
1745,12,1,20.0,0,705,0
1746,2,2,20.0,0,705,0
1747,2,3,20.0,0,705,0
1748,4,2,20.0,0,706,0
1749,11,3,20.0,0,707,0
1750,5,3,20.0,0,707,0
1751,0,7,20.0,0,707,0
1752,9,3,20.0,0,707,0
1753,10,2,20.0,0,708,0
1754,2,1,20.0,0,708,0
1755,2,0,20.0,0,708,0
1756,11,0,20.0,0,709,0
1757,4,6,20.0,0,709,0
1758,10,1,20.0,0,709,0
1759,8,1,20.0,0,710,0
1760,0,8,20.0,0,711,0
1761,7,0,20.0,0,712,0
1762,2,14,20.0,0,713,0
1763,8,7,20.0,0,714,0
1764,2,0,20.0,0,715,0
1765,13,2,20.0,0,715,0
1766,5,11,20.0,0,716,0
1767,5,20,20.0,0,716,0
1768,7,0,20.0,0,716,0
1769,10,6,20.0,0,716,0
1770,8,1,20.0,0,716,0
1771,6,6,20.0,0,717,0
1772,21,2,20.0,0,718,0
1773,7,2,20.0,0,719,0
1774,3,5,20.0,0,719,0
1775,7,2,20.0,0,719,0
1776,9,3,20.0,0,719,0
1777,3,5,20.0,0,720,0
1778,0,2,20.0,0,721,0
1779,1,0,20.0,0,721,0
1780,1,1,20.0,0,721,0
1781,4,0,20.0,0,721,0
1782,0,0,20.0,0,721,0
1783,2,3,20.0,0,721,0
1784,0,5,20.0,0,721,0
1785,12,11,20.0,0,721,0
1786,11,0,20.0,0,722,0
1787,11,1,20.0,0,723,0
1788,6,5,20.0,0,723,0
1789,14,1,20.0,0,723,0
1790,6,2,20.0,0,723,0
1791,2,4,20.0,0,724,0
1792,6,4,20.0,0,725,0
1793,2,2,20.0,0,725,0
1794,4,3,20.0,0,726,0
1795,6,1,20.0,0,726,0
1796,1,14,20.0,0,726,0
1797,9,2,20.0,0,727,0
1798,1,3,20.0,0,728,0
1799,9,5,20.0,0,728,0
1800,3,1,20.0,0,728,0
1801,6,2,20.0,0,728,0
1802,21,5,20.0,0,729,0
1803,0,1,20.0,0,730,0
1804,1,0,20.0,0,731,0
1805,2,4,20.0,0,731,0
1806,4,0,20.0,0,731,0
1807,3,8,20.0,0,731,0
1808,2,1,20.0,0,731,0
1809,11,0,20.0,0,732,0
1810,6,5,20.0,0,733,0
1811,12,15,20.0,0,733,0
1812,2,8,20.0,0,733,0
1813,8,10,20.0,0,733,0
1814,10,2,20.0,0,734,0
1815,10,8,20.0,0,735,0
1816,2,1,20.0,0,736,0
1817,0,0,20.0,0,736,0
1818,3,1,20.0,0,736,0
1819,3,11,20.0,0,737,0
1820,2,1,20.0,0,737,0
1821,7,2,20.0,0,737,0
1822,0,16,20.0,0,738,0
1823,1,0,20.0,0,738,0
1824,7,10,20.0,0,738,0
1825,6,0,20.0,0,739,0
1826,1,2,20.0,0,739,0
1827,2,1,20.0,0,739,0
1828,10,1,20.0,0,739,0
1829,3,4,20.0,0,740,0
1830,7,18,20.0,0,741,0
1831,3,5,20.0,0,741,0
1832,5,15,20.0,0,741,0
1833,8,5,20.0,0,742,0
1834,6,5,20.0,0,743,0
1835,7,13,20.0,0,744,0
1836,8,1,20.0,0,744,0
1837,1,3,20.0,0,745,0
1838,14,0,20.0,0,746,0
1839,5,3,20.0,0,746,0
1840,2,1,20.0,0,747,0
1841,2,8,20.0,0,747,0
1842,9,7,20.0,0,748,0
1843,3,1,20.0,0,748,0
1844,3,5,20.0,0,748,0
1845,0,7,20.0,0,748,0
1846,6,5,20.0,0,748,0
1847,4,0,20.0,0,748,0
1848,6,0,20.0,0,748,0
1849,12,6,20.0,0,748,0
1850,11,1,20.0,0,748,0
1851,0,11,20.0,0,749,0
1852,18,0,20.0,0,749,0
1853,0,2,20.0,0,749,0
1854,15,5,20.0,0,749,0
1855,8,1,20.0,0,749,0
1856,4,1,20.0,0,750,0
1857,5,2,20.0,0,751,0
1858,7,0,20.0,0,752,0
1859,5,5,20.0,0,752,0
1860,8,0,20.0,0,752,0
1861,12,6,20.0,0,752,0
1862,18,5,20.0,0,752,0
1863,6,4,20.0,0,752,0
1864,5,16,20.0,0,752,0
1865,1,1,20.0,0,752,0
1866,1,0,20.0,0,753,0
1867,8,0,20.0,0,753,0
1868,1,4,20.0,0,754,0
1869,7,0,20.0,0,755,0
1870,22,2,20.0,0,755,0
1871,4,1,20.0,0,756,0
1872,5,1,20.0,0,756,0
1873,1,10,20.0,0,756,0
1874,3,0,20.0,0,757,0
1875,13,0,20.0,0,758,0
1876,5,1,20.0,0,759,0
1877,5,4,20.0,0,760,0
1878,6,14,20.0,0,760,0
1879,3,1,20.0,0,761,0
1880,9,0,20.0,0,762,0
1881,3,0,20.0,0,762,0
1882,1,1,20.0,0,762,0
1883,1,7,20.0,0,762,0
1884,14,2,20.0,0,762,0
1885,2,2,20.0,0,762,0
1886,2,1,20.0,0,763,0
1887,12,3,20.0,0,764,0
1888,10,8,20.0,0,764,0
1889,9,17,20.0,0,764,0
1890,1,1,20.0,0,765,0
1891,5,0,20.0,0,766,0
1892,3,2,20.0,0,766,0
1893,12,0,20.0,0,767,0
1894,7,3,20.0,0,767,0
1895,12,4,20.0,0,767,0
1896,6,4,20.0,0,768,0
1897,7,7,20.0,0,768,0
1898,12,3,20.0,0,768,0
1899,0,0,20.0,0,768,0
1900,4,0,20.0,0,768,0
1901,13,3,20.0,0,769,0
1902,3,3,20.0,0,770,0
1903,3,6,20.0,0,770,0
1904,5,0,20.0,0,770,0
1905,3,1,20.0,0,770,0
1906,4,0,20.0,0,771,0
1907,17,2,20.0,0,772,0
1908,8,3,20.0,0,773,0
1909,0,1,20.0,0,773,0
1910,11,1,20.0,0,773,0
1911,3,0,20.0,0,773,0
1912,6,1,20.0,0,773,0
1913,8,7,20.0,0,773,0
1914,1,1,20.0,0,774,0
1915,2,3,20.0,0,774,0
1916,3,15,20.0,0,774,0
1917,21,7,20.0,0,774,0
1918,1,14,20.0,0,774,0
1919,8,0,20.0,0,774,0
1920,6,3,20.0,0,775,0
1921,4,0,20.0,0,776,0
1922,1,3,20.0,0,777,0
1923,1,0,20.0,0,778,0
1924,5,2,20.0,0,779,0
1925,5,18,20.0,0,780,0
1926,0,3,20.0,0,781,0
1927,9,0,20.0,0,781,0
1928,13,1,20.0,0,781,0
1929,7,4,20.0,0,781,0
1930,11,0,20.0,0,782,0
1931,3,5,20.0,0,782,0
1932,12,1,20.0,0,782,0
1933,1,2,20.0,0,783,0
1934,6,8,20.0,0,783,0
1935,20,1,20.0,0,783,0
1936,4,3,20.0,0,783,0
1937,0,0,20.0,0,784,0
1938,9,6,20.0,0,785,0
1939,23,1,20.0,0,786,0
1940,3,2,20.0,0,786,0
1941,5,2,20.0,0,786,0
1942,5,4,20.0,0,787,0
1943,3,0,20.0,0,788,0
1944,4,3,20.0,0,789,0
1945,12,3,20.0,0,790,0
1946,7,4,20.0,0,791,0
1947,7,0,20.0,0,792,0
1948,6,16,20.0,0,793,0
1949,8,0,20.0,0,793,0
1950,1,9,20.0,0,793,0
1951,3,2,20.0,0,794,0
1952,3,0,20.0,0,794,0
1953,6,1,20.0,0,794,0
1954,5,1,20.0,0,794,0
1955,1,3,20.0,0,794,0
1956,2,9,20.0,0,795,0
1957,5,5,20.0,0,795,0
1958,14,5,20.0,0,795,0
1959,9,1,20.0,0,795,0
1960,6,1,20.0,0,795,0
1961,3,2,20.0,0,796,0
1962,17,0,20.0,0,796,0
1963,3,0,20.0,0,797,0
1964,5,1,20.0,0,798,0
1965,3,6,20.0,0,799,0
1966,17,12,20.0,0,799,0
1967,8,1,20.0,0,799,0
1968,31,2,20.0,0,800,0
1969,2,1,20.0,0,801,0
1970,0,3,20.0,0,802,0
1971,2,3,20.0,0,802,0
1972,4,2,20.0,0,802,0
1973,12,5,20.0,0,803,0
1974,2,0,20.0,0,803,0
1975,8,1,20.0,0,803,0
1976,9,3,20.0,0,804,0
1977,5,0,20.0,0,804,0
1978,3,1,20.0,0,805,0
1979,6,11,20.0,0,805,0
1980,3,6,20.0,0,805,0
1981,12,5,20.0,0,805,0
1982,5,9,20.0,0,805,0
1983,2,5,20.0,0,805,0
1984,7,0,20.0,0,806,0
1985,2,1,20.0,0,807,0
1986,9,2,20.0,0,807,0
1987,12,0,20.0,0,808,0
1988,18,1,20.0,0,808,0
1989,4,1,20.0,0,808,0
1990,0,9,20.0,0,809,0
1991,0,2,20.0,0,809,0
1992,0,0,20.0,0,809,0
1993,3,1,20.0,0,810,0
1994,8,3,20.0,0,811,0
1995,1,1,20.0,0,812,0
1996,5,0,20.0,0,812,0
1997,3,5,20.0,0,813,0
1998,2,0,20.0,0,813,0
1999,2,0,20.0,0,814,0
2000,4,1,20.0,0,815,0
2001,1,1,20.0,0,815,0
2002,2,2,20.0,0,816,0
2003,16,3,20.0,0,816,0
2004,5,3,20.0,0,816,0
2005,20,0,20.0,0,817,0
2006,30,0,20.0,0,817,0
2007,5,17,20.0,0,817,0
2008,6,10,20.0,0,818,0
2009,6,0,20.0,0,819,0
2010,12,1,20.0,0,820,0
2011,0,6,20.0,0,821,0
2012,1,5,20.0,0,821,0
2013,2,0,20.0,0,822,0
2014,2,0,20.0,0,822,0
2015,4,4,20.0,0,823,0
2016,1,0,20.0,0,823,0
2017,4,2,20.0,0,823,0
2018,3,3,20.0,0,823,0
2019,9,1,20.0,0,823,0
2020,2,0,20.0,0,823,0
2021,4,0,20.0,0,823,0
2022,12,1,20.0,0,823,0
2023,7,1,20.0,0,824,0
2024,0,4,20.0,0,824,0
2025,2,3,20.0,0,824,0
2026,8,0,20.0,0,824,0
2027,3,0,20.0,0,824,0
2028,2,2,20.0,0,825,0
2029,3,0,20.0,0,825,0
2030,8,8,20.0,0,825,0
2031,0,4,20.0,0,826,0
2032,4,1,20.0,0,826,0
2033,9,2,20.0,0,827,0
2034,19,2,20.0,0,828,0
2035,21,4,20.0,0,828,0
2036,3,9,20.0,0,828,0
2037,11,6,20.0,0,829,0
2038,9,7,20.0,0,829,0
2039,4,0,20.0,0,829,0
2040,7,2,20.0,0,830,0
2041,3,1,20.0,0,830,0
2042,1,4,20.0,0,830,0
2043,2,4,20.0,0,831,0
2044,10,0,20.0,0,831,0
2045,5,0,20.0,0,831,0
2046,9,0,20.0,0,832,0
2047,15,5,20.0,0,832,0
2048,7,0,20.0,0,833,0
2049,2,6,20.0,0,834,0
2050,4,7,20.0,0,834,0
2051,5,3,20.0,0,834,0
2052,7,0,20.0,0,835,0
2053,6,3,20.0,0,835,0
2054,6,5,20.0,0,835,0
2055,15,4,20.0,0,836,0
2056,8,13,20.0,0,836,0
2057,3,7,20.0,0,836,0
2058,2,1,20.0,0,836,0
2059,1,2,20.0,0,837,0
2060,3,1,20.0,0,837,0
2061,12,1,20.0,0,837,0
2062,2,2,20.0,0,837,0
2063,6,12,20.0,0,837,0
2064,2,10,20.0,0,837,0
2065,18,1,20.0,0,837,0
2066,7,1,20.0,0,837,0
2067,2,9,20.0,0,837,0
2068,0,0,20.0,0,837,0
2069,3,1,20.0,0,837,0
2070,4,7,20.0,0,837,0
2071,1,3,20.0,0,837,0
2072,8,10,20.0,0,837,0
2073,9,0,20.0,0,837,0
2074,5,12,20.0,0,838,0
2075,7,1,20.0,0,838,0
2076,8,15,20.0,0,838,0
2077,2,4,20.0,0,838,0
2078,10,0,20.0,0,839,0
2079,5,4,20.0,0,840,0
2080,12,3,20.0,0,840,0
2081,6,4,20.0,0,840,0
2082,3,2,20.0,0,840,0
2083,1,0,20.0,0,841,0
2084,5,2,20.0,0,841,0
2085,7,10,20.0,0,841,0
2086,302,3,20.0,1,842,0
2087,202,8,20.0,1,842,0
2088,218,0,20.0,1,842,0
2089,73,8,20.0,1,842,0
2090,171,0,20.0,1,842,0
2091,125,0,20.0,1,842,0
2092,209,4,20.0,1,842,0
2093,239,4,20.0,1,842,0
2094,140,5,20.0,1,842,0
2095,116,4,20.0,1,842,0
2096,1,1,20.0,0,843,0
2097,9,0,20.0,0,844,0
2098,3,12,20.0,0,844,0
2099,0,1,20.0,0,844,0
2100,0,2,20.0,0,845,0
2101,2,2,20.0,0,845,0
2102,0,2,20.0,0,846,0
2103,4,8,20.0,0,847,0
2104,6,14,20.0,0,847,0
2105,4,1,20.0,0,847,0
2106,7,5,20.0,0,847,0
2107,1,0,20.0,0,847,0
2108,14,3,20.0,0,847,0
2109,4,0,20.0,0,847,0
2110,4,5,20.0,0,848,0
2111,4,1,20.0,0,849,0
2112,11,0,20.0,0,849,0
2113,8,11,20.0,0,849,0
2114,6,3,20.0,0,849,0
2115,9,3,20.0,0,850,0
2116,2,23,20.0,0,850,0
2117,2,1,20.0,0,851,0
2118,12,2,20.0,0,851,0
2119,0,0,20.0,0,851,0
2120,4,0,20.0,0,851,0
2121,2,0,20.0,0,851,0
2122,2,0,20.0,0,851,0
2123,4,12,20.0,0,851,0
2124,7,5,20.0,0,851,0
2125,8,9,20.0,0,852,0
2126,8,6,20.0,0,852,0
2127,9,2,20.0,0,853,0
2128,1,0,20.0,0,853,0
2129,7,1,20.0,0,854,0
2130,6,3,20.0,0,855,0
2131,2,3,20.0,0,855,0
2132,14,4,20.0,0,855,0
2133,5,0,20.0,0,856,0
2134,2,1,20.0,0,857,0
2135,5,2,20.0,0,857,0
2136,1,0,20.0,0,858,0
2137,19,2,20.0,0,859,0
2138,5,2,20.0,0,860,0
2139,13,1,20.0,0,860,0
2140,24,0,20.0,0,861,0
2141,6,6,20.0,0,861,0
2142,3,10,20.0,0,861,0
2143,8,1,20.0,0,862,0
2144,7,9,20.0,0,862,0
2145,3,2,20.0,0,862,0
2146,4,0,20.0,0,862,0
2147,12,1,20.0,0,862,0
2148,7,0,20.0,0,862,0
2149,22,4,20.0,0,862,0
2150,4,2,20.0,0,863,0
2151,3,3,20.0,0,863,0
2152,14,1,20.0,0,863,0
2153,1,0,20.0,0,864,0
2154,2,1,20.0,0,865,0
2155,0,5,20.0,0,866,0
2156,6,0,20.0,0,866,0
2157,3,1,20.0,0,867,0
2158,3,0,20.0,0,867,0
2159,10,0,20.0,0,868,0
2160,2,0,20.0,0,868,0
2161,12,3,20.0,0,868,0
2162,4,4,20.0,0,868,0
2163,16,4,20.0,0,869,0
2164,10,5,20.0,0,869,0
2165,5,5,20.0,0,870,0
2166,4,0,20.0,0,870,0
2167,9,0,20.0,0,870,0
2168,6,5,20.0,0,871,0
2169,25,1,20.0,0,872,0
2170,7,4,20.0,0,873,0
2171,21,4,20.0,0,873,0
2172,11,0,20.0,0,873,0
2173,3,10,20.0,0,873,0
2174,3,1,20.0,0,873,0
2175,5,0,20.0,0,874,0
2176,16,16,20.0,0,875,0
2177,1,8,20.0,0,875,0
2178,3,3,20.0,0,875,0
2179,12,0,20.0,0,875,0
2180,13,2,20.0,0,875,0
2181,3,0,20.0,0,875,0
2182,8,1,20.0,0,875,0
2183,9,1,20.0,0,876,0
2184,6,3,20.0,0,877,0
2185,10,0,20.0,0,877,0
2186,18,0,20.0,0,878,0
2187,6,2,20.0,0,878,0
2188,3,18,20.0,0,878,0
2189,18,5,20.0,0,878,0
2190,20,12,20.0,0,879,0
2191,1,20,20.0,0,879,0
2192,1,1,20.0,0,880,0
2193,0,0,20.0,0,880,0
2194,4,3,20.0,0,880,0
2195,6,10,20.0,0,880,0
2196,10,1,20.0,0,881,0
2197,3,1,20.0,0,882,0
2198,16,6,20.0,0,883,0
2199,9,3,20.0,0,884,0
2200,5,1,20.0,0,884,0
2201,6,7,20.0,0,884,0
2202,5,8,20.0,0,884,0
2203,21,7,20.0,0,885,0
2204,2,1,20.0,0,885,0
2205,3,13,20.0,0,886,0
2206,6,2,20.0,0,886,0
2207,13,3,20.0,0,886,0
2208,14,0,20.0,0,887,0
2209,23,1,20.0,0,887,0
2210,3,1,20.0,0,888,0
2211,8,1,20.0,0,888,0
2212,8,0,20.0,0,889,0
2213,13,1,20.0,0,889,0
2214,5,8,20.0,0,889,0
2215,4,6,20.0,0,889,0
2216,14,1,20.0,0,889,0
2217,8,0,20.0,0,890,0
2218,0,6,20.0,0,890,0
2219,1,13,20.0,0,891,0
2220,8,9,20.0,0,891,0
2221,1,3,20.0,0,891,0
2222,5,6,20.0,0,891,0
2223,4,1,20.0,0,891,0
2224,13,4,20.0,0,892,0
2225,18,4,20.0,0,893,0
2226,10,2,20.0,0,893,0
2227,12,27,20.0,0,894,0
2228,9,20,20.0,0,895,0
2229,10,0,20.0,0,895,0
2230,5,2,20.0,0,895,0
2231,16,2,20.0,0,895,0
2232,0,7,20.0,0,895,0
2233,0,7,20.0,0,895,0
2234,2,9,20.0,0,895,0
2235,4,4,20.0,0,895,0
2236,33,4,20.0,0,895,0
2237,4,2,20.0,0,896,0
2238,5,10,20.0,0,897,0
2239,5,0,20.0,0,897,0
2240,2,0,20.0,0,898,0
2241,4,0,20.0,0,898,0
2242,5,0,20.0,0,899,0
2243,3,7,20.0,0,900,0
2244,16,0,20.0,0,900,0
2245,6,3,20.0,0,901,0
2246,10,0,20.0,0,901,0
2247,12,2,20.0,0,901,0
2248,12,0,20.0,0,901,0
2249,2,0,20.0,0,901,0
2250,13,20,20.0,0,902,0
2251,1,0,20.0,0,902,0
2252,7,0,20.0,0,902,0
2253,2,1,20.0,0,903,0
2254,3,0,20.0,0,903,0
2255,1,0,20.0,0,904,0
2256,10,3,20.0,0,904,0
2257,2,3,20.0,0,904,0
2258,7,0,20.0,0,905,0
2259,0,1,20.0,0,906,0
2260,0,0,20.0,0,906,0
2261,16,0,20.0,0,907,0
2262,2,1,20.0,0,908,0
2263,5,16,20.0,0,908,0
2264,7,1,20.0,0,908,0
2265,0,1,20.0,0,908,0
2266,0,2,20.0,0,909,0
2267,10,5,20.0,0,910,0
2268,5,5,20.0,0,911,0
2269,6,1,20.0,0,911,0
2270,9,6,20.0,0,911,0
2271,1,1,20.0,0,912,0
2272,33,0,20.0,0,913,0
2273,8,2,20.0,0,913,0
2274,2,1,20.0,0,914,0
2275,13,5,20.0,0,914,0
2276,3,0,20.0,0,914,0
2277,17,12,20.0,0,914,0
2278,18,0,20.0,0,915,0
2279,0,0,20.0,0,915,0
2280,0,29,20.0,0,916,0
2281,0,1,20.0,0,916,0
2282,6,10,20.0,0,917,0
2283,11,0,20.0,0,917,0
2284,17,0,20.0,0,918,0
2285,2,1,20.0,0,918,0
2286,8,5,20.0,0,918,0
2287,0,3,20.0,0,918,0
2288,5,2,20.0,0,919,0
2289,18,1,20.0,0,920,0
2290,13,0,20.0,0,921,0
2291,5,0,20.0,0,921,0
2292,5,0,20.0,0,922,0
2293,3,1,20.0,0,923,0
2294,7,4,20.0,0,923,0
2295,14,9,20.0,0,923,0
2296,20,2,20.0,0,923,0
2297,15,1,20.0,0,923,0
2298,5,0,20.0,0,923,0
2299,6,7,20.0,0,924,0
2300,9,2,20.0,0,924,0
2301,13,10,20.0,0,924,0
2302,1,1,20.0,0,924,0
2303,12,4,20.0,0,925,0
2304,2,10,20.0,0,926,0
2305,6,9,20.0,0,926,0
2306,17,2,20.0,0,926,0
2307,2,2,20.0,0,926,0
2308,3,6,20.0,0,927,0
2309,17,1,20.0,0,927,0
2310,1,1,20.0,0,928,0
2311,8,0,20.0,0,929,0
2312,4,1,20.0,0,929,0
2313,1,2,20.0,0,929,0
2314,3,3,20.0,0,929,0
2315,3,9,20.0,0,930,0
2316,7,0,20.0,0,930,0
2317,10,0,20.0,0,931,0
2318,2,0,20.0,0,931,0
2319,6,3,20.0,0,932,0
2320,2,1,20.0,0,932,0
2321,5,2,20.0,0,932,0
2322,17,5,20.0,0,932,0
2323,13,0,20.0,0,933,0
2324,5,11,20.0,0,933,0
2325,0,2,20.0,0,933,0
2326,0,3,20.0,0,933,0
2327,3,0,20.0,0,933,0
2328,5,16,20.0,0,934,0
2329,0,15,20.0,0,934,0
2330,4,1,20.0,0,934,0
2331,4,2,20.0,0,934,0
2332,7,0,20.0,0,934,0
2333,1,1,20.0,0,934,0
2334,1,11,20.0,0,935,0
2335,2,4,20.0,0,936,0
2336,21,0,20.0,1,937,0
2337,4,3,20.0,0,938,0
2338,9,0,20.0,0,939,0
2339,1,7,20.0,0,940,0
2340,4,13,20.0,0,940,0
2341,3,1,20.0,0,941,0
2342,3,0,20.0,0,941,0
2343,2,10,20.0,0,941,0
2344,6,1,20.0,0,942,0
2345,8,2,20.0,0,942,0
2346,26,1,20.0,0,942,0
2347,3,0,20.0,0,942,0
2348,3,8,20.0,0,942,0
2349,2,7,20.0,0,943,0
2350,3,7,20.0,0,944,0
2351,11,1,20.0,0,944,0
2352,16,5,20.0,0,944,0
2353,13,1,20.0,0,945,0
2354,10,1,20.0,0,945,0
2355,2,4,20.0,0,945,0
2356,9,4,20.0,0,945,0
2357,0,3,20.0,0,946,0
2358,0,6,20.0,0,947,0
2359,2,1,20.0,0,947,0
2360,4,0,20.0,0,948,0
2361,15,0,20.0,0,949,0
2362,5,4,20.0,0,950,0
2363,6,3,20.0,0,950,0
2364,9,14,20.0,0,951,0
2365,5,6,20.0,0,951,0
2366,3,1,20.0,0,952,0
2367,0,0,20.0,0,952,0
2368,25,0,20.0,0,952,0
2369,7,3,20.0,0,953,0
2370,14,1,20.0,0,953,0
2371,14,5,20.0,0,953,0
2372,9,0,20.0,0,953,0
2373,2,3,20.0,0,953,0
2374,0,10,20.0,0,954,0
2375,6,2,20.0,0,954,0
2376,19,3,20.0,0,955,0
2377,9,1,20.0,0,955,0
2378,4,2,20.0,0,955,0
2379,7,0,20.0,0,955,0
2380,3,18,20.0,0,956,0
2381,9,3,20.0,0,956,0
2382,5,0,20.0,0,956,0
2383,4,8,20.0,0,956,0
2384,17,3,20.0,0,956,0
2385,13,3,20.0,0,957,0
2386,2,0,20.0,0,957,0
2387,17,1,20.0,0,957,0
2388,13,5,20.0,0,957,0
2389,9,9,20.0,0,958,0
2390,27,2,20.0,0,959,0
2391,5,0,20.0,0,959,0
2392,17,3,20.0,0,960,0
2393,4,1,20.0,0,960,0
2394,5,1,20.0,0,961,0
2395,4,0,20.0,0,961,0
2396,6,3,20.0,0,962,0
2397,15,1,20.0,0,962,0
2398,5,4,20.0,0,962,0
2399,5,7,20.0,0,962,0
2400,3,0,20.0,0,963,0
2401,8,5,20.0,0,963,0
2402,6,6,20.0,0,963,0
2403,2,3,20.0,0,963,0
2404,6,5,20.0,0,963,0
2405,4,2,20.0,0,964,0
2406,27,0,20.0,0,964,0
2407,6,4,20.0,0,965,0
2408,1,3,20.0,0,965,0
2409,13,1,20.0,0,966,0
2410,2,6,20.0,0,967,0
2411,3,1,20.0,0,967,0
2412,2,0,20.0,0,967,0
2413,2,1,20.0,0,967,0
2414,5,0,20.0,0,968,0
2415,4,0,20.0,0,968,0
2416,11,1,20.0,0,969,0
2417,6,0,20.0,0,970,0
2418,12,3,20.0,0,970,0
2419,15,9,20.0,0,970,0
2420,4,1,20.0,0,970,0
2421,9,2,20.0,0,971,0
2422,0,6,20.0,0,971,0
2423,1,3,20.0,0,972,0
2424,1,1,20.0,0,973,0
2425,6,0,20.0,0,974,0
2426,4,3,20.0,0,974,0
2427,5,10,20.0,0,974,0
2428,9,1,20.0,0,974,0
2429,17,0,20.0,0,974,0
2430,2,0,20.0,0,974,0
2431,8,5,20.0,0,974,0
2432,2,16,20.0,0,974,0
2433,1,3,20.0,0,974,0
2434,13,1,20.0,0,974,0
2435,1,4,20.0,0,975,0
2436,3,5,20.0,0,975,0
2437,1,5,20.0,0,976,0
2438,4,3,20.0,0,976,0
2439,1,3,20.0,0,976,0
2440,4,4,20.0,0,977,0
2441,7,4,20.0,0,977,0
2442,3,0,20.0,0,977,0
2443,6,6,20.0,0,977,0
2444,6,2,20.0,0,977,0
2445,5,6,20.0,0,978,0
2446,6,5,20.0,0,978,0
2447,10,0,20.0,0,979,0
2448,6,0,20.0,0,979,0
2449,5,6,20.0,0,980,0
2450,2,6,20.0,0,980,0
2451,0,1,20.0,0,980,0
2452,39,2,20.0,0,980,0
2453,0,0,20.0,0,981,0
2454,13,0,20.0,0,982,0
2455,5,1,20.0,0,982,0
2456,7,4,20.0,0,983,0
2457,2,7,20.0,0,983,0
2458,1,2,20.0,0,984,0
2459,9,4,20.0,0,984,0
2460,0,1,20.0,0,985,0
2461,11,7,20.0,0,986,0
2462,11,0,20.0,0,986,0
2463,3,0,20.0,0,987,0
2464,4,1,20.0,0,987,0
2465,17,0,20.0,0,987,0
2466,15,3,20.0,0,987,0
2467,6,2,20.0,0,987,0
2468,1,6,20.0,0,987,0
2469,9,1,20.0,0,988,0
2470,1,16,20.0,0,988,0
2471,2,4,20.0,0,989,0
2472,5,1,20.0,0,990,0
2473,8,9,20.0,0,990,0
2474,4,0,20.0,0,990,0
2475,6,1,20.0,0,991,0
2476,1,4,20.0,0,991,0
2477,13,0,20.0,0,991,0
2478,0,1,20.0,0,991,0
2479,14,3,20.0,0,991,0
2480,7,0,20.0,0,991,0
2481,8,4,20.0,0,992,0
2482,5,2,20.0,0,992,0
2483,0,5,20.0,0,993,0
2484,57,0,20.0,0,994,0
2485,38,1,20.0,0,994,0
2486,5,0,20.0,0,995,0
2487,2,9,20.0,0,995,0
2488,3,2,20.0,0,996,0
2489,10,14,20.0,0,996,0
2490,11,4,20.0,0,996,0
2491,0,5,20.0,0,997,0
2492,6,5,20.0,0,997,0
2493,0,8,20.0,0,997,0
2494,1,1,20.0,0,997,0
2495,0,0,20.0,0,998,0
2496,129,6,20.0,1,999,0
2497,188,2,20.0,1,999,0
2498,0,16,20.0,0,1000,0
2499,6,2,20.0,0,1000,0
2500,6,0,20.0,0,1001,0
2501,18,4,20.0,0,1002,0
2502,1,2,20.0,0,1002,0
2503,10,3,20.0,0,1002,0
2504,6,0,20.0,0,1002,0
2505,14,0,20.0,0,1002,0
2506,3,1,20.0,0,1002,0
2507,4,0,20.0,0,1002,0
2508,0,0,20.0,0,1003,0
2509,17,0,20.0,0,1004,0
2510,3,1,20.0,0,1004,0
2511,9,3,20.0,0,1005,0
2512,7,0,20.0,0,1005,0
2513,15,6,20.0,0,1005,0
2514,2,2,20.0,0,1005,0
2515,5,9,20.0,0,1005,0
2516,4,1,20.0,0,1006,0
2517,5,4,20.0,0,1007,0
2518,5,1,20.0,0,1007,0
2519,4,1,20.0,0,1008,0
2520,9,2,20.0,0,1008,0
2521,8,2,20.0,0,1008,0
2522,5,1,20.0,0,1008,0
2523,10,2,20.0,0,1009,0
2524,1,1,20.0,0,1009,0
2525,8,0,20.0,0,1009,0
2526,7,20,20.0,0,1009,0
2527,0,4,20.0,0,1009,0
2528,3,4,20.0,0,1009,0
2529,10,0,20.0,0,1009,0
2530,4,1,20.0,0,1010,0
2531,9,0,20.0,0,1011,0
2532,1,10,20.0,0,1012,0
2533,6,2,20.0,0,1012,0
2534,10,4,20.0,0,1012,0
2535,7,3,20.0,0,1013,0
2536,3,5,20.0,0,1013,0
2537,5,4,20.0,0,1014,0
2538,7,2,20.0,0,1014,0
2539,22,0,20.0,0,1015,0
2540,6,3,20.0,0,1016,0
2541,4,0,20.0,0,1016,0
2542,2,6,20.0,0,1016,0
2543,15,2,20.0,0,1016,0
2544,10,0,20.0,0,1017,0
2545,0,1,20.0,0,1017,0
2546,10,3,20.0,0,1018,0
2547,14,2,20.0,0,1018,0
2548,4,0,20.0,0,1018,0
2549,3,0,20.0,0,1018,0
2550,10,0,20.0,0,1018,0
2551,10,3,20.0,0,1019,0
2552,9,5,20.0,0,1020,0
2553,8,2,20.0,0,1020,0
2554,2,1,20.0,0,1020,0
2555,0,2,20.0,0,1021,0
2556,16,12,20.0,0,1021,0
2557,6,0,20.0,0,1022,0
2558,2,5,20.0,0,1022,0
2559,2,0,20.0,0,1022,0
2560,4,0,20.0,0,1022,0
2561,4,1,20.0,0,1023,0
2562,4,2,20.0,0,1023,0
2563,7,9,20.0,0,1024,0
2564,0,9,20.0,0,1024,0
2565,4,0,20.0,0,1025,0
2566,8,0,20.0,0,1025,0
2567,6,1,20.0,0,1026,0
2568,4,10,20.0,0,1026,0
2569,15,1,20.0,0,1026,0
2570,13,0,20.0,0,1027,0
2571,4,6,20.0,0,1027,0
2572,11,4,20.0,0,1028,0
2573,4,2,20.0,0,1029,0
2574,9,24,20.0,0,1029,0
2575,2,5,20.0,0,1030,0
2576,3,3,20.0,0,1030,0
2577,2,2,20.0,0,1030,0
2578,37,0,20.0,0,1030,0
2579,14,1,20.0,0,1031,0
2580,16,0,20.0,0,1031,0
2581,1,3,20.0,0,1031,0
2582,8,5,20.0,0,1032,0
2583,4,8,20.0,0,1033,0
2584,2,6,20.0,0,1033,0
2585,0,1,20.0,0,1034,0
2586,1,1,20.0,0,1035,0
2587,12,4,20.0,0,1035,0
2588,8,2,20.0,0,1035,0
2589,13,0,20.0,0,1036,0
2590,2,7,20.0,0,1036,0
2591,3,10,20.0,0,1037,0
2592,2,1,20.0,0,1037,0
2593,2,0,20.0,0,1037,0
2594,8,0,20.0,0,1037,0
2595,0,9,20.0,0,1038,0
2596,10,3,20.0,0,1038,0
2597,18,3,20.0,0,1038,0
2598,0,0,20.0,0,1039,0
2599,0,1,20.0,0,1039,0
2600,10,0,20.0,0,1039,0
2601,3,0,20.0,0,1039,0
2602,2,0,20.0,0,1040,0
2603,4,0,20.0,0,1040,0
2604,3,0,20.0,0,1041,0
2605,13,7,20.0,0,1042,0
2606,1,0,20.0,0,1042,0
2607,2,7,20.0,0,1042,0
2608,3,0,20.0,0,1042,0
2609,12,8,20.0,0,1042,0
2610,0,1,20.0,0,1042,0
2611,3,1,20.0,0,1042,0
2612,4,4,20.0,0,1043,0
2613,8,0,20.0,0,1043,0
2614,7,0,20.0,0,1043,0
2615,4,2,20.0,0,1043,0
2616,5,0,20.0,0,1043,0
2617,13,0,20.0,0,1044,0
2618,3,3,20.0,0,1044,0
2619,4,2,20.0,0,1044,0
2620,7,5,20.0,0,1044,0
2621,2,1,20.0,0,1044,0
2622,3,4,20.0,0,1044,0
2623,4,6,20.0,0,1044,0
2624,11,24,20.0,0,1044,0
2625,12,0,20.0,0,1044,0
2626,10,1,20.0,0,1045,0
2627,22,1,20.0,0,1045,0
2628,10,1,20.0,0,1045,0
2629,0,6,20.0,0,1046,0
2630,10,9,20.0,0,1047,0
2631,25,2,20.0,0,1047,0
2632,5,11,20.0,0,1047,0
2633,15,3,20.0,0,1048,0
2634,1,1,20.0,0,1048,0
2635,4,1,20.0,0,1049,0
2636,1,9,20.0,0,1050,0
2637,9,2,20.0,0,1051,0
2638,3,2,20.0,0,1051,0
2639,7,6,20.0,0,1051,0
2640,4,15,20.0,0,1051,0
2641,3,0,20.0,0,1051,0
2642,6,0,20.0,0,1051,0
2643,14,1,20.0,0,1052,0
2644,16,2,20.0,0,1052,0
2645,2,3,20.0,0,1053,0
2646,4,3,20.0,0,1054,0
2647,1,5,20.0,0,1054,0
2648,14,1,20.0,0,1054,0
2649,22,0,20.0,0,1054,0
2650,3,2,20.0,0,1055,0
2651,6,17,20.0,0,1056,0
2652,6,7,20.0,0,1056,0
2653,10,3,20.0,0,1057,0
2654,0,0,20.0,0,1057,0
2655,2,3,20.0,0,1058,0
2656,2,2,20.0,0,1058,0
2657,4,3,20.0,0,1058,0
2658,2,0,20.0,0,1059,0
2659,11,11,20.0,0,1059,0
2660,2,4,20.0,0,1060,0
2661,0,0,20.0,0,1061,0
2662,13,4,20.0,0,1061,0
2663,8,5,20.0,0,1061,0
2664,6,2,20.0,0,1061,0
2665,4,2,20.0,0,1061,0
2666,5,0,20.0,0,1062,0
2667,5,0,20.0,0,1062,0
2668,7,2,20.0,0,1062,0
2669,3,10,20.0,0,1062,0
2670,19,0,20.0,0,1063,0
2671,5,6,20.0,0,1063,0
2672,2,2,20.0,0,1063,0
2673,0,3,20.0,0,1064,0
2674,8,14,20.0,0,1064,0
2675,7,6,20.0,0,1065,0
2676,6,2,20.0,0,1065,0
2677,11,2,20.0,0,1065,0
2678,9,1,20.0,0,1065,0
2679,2,2,20.0,0,1066,0
2680,3,0,20.0,0,1066,0
2681,9,9,20.0,0,1066,0
2682,11,1,20.0,0,1067,0
2683,5,4,20.0,0,1067,0
2684,4,1,20.0,0,1068,0
2685,4,0,20.0,0,1068,0
2686,3,6,20.0,0,1068,0
2687,2,0,20.0,0,1068,0
2688,5,7,20.0,0,1069,0
2689,0,12,20.0,0,1069,0
2690,5,4,20.0,0,1070,0
2691,1,0,20.0,0,1070,0
2692,5,5,20.0,0,1071,0
2693,26,0,20.0,0,1072,0
2694,7,3,20.0,0,1072,0
2695,6,2,20.0,0,1073,0
2696,5,1,20.0,0,1073,0
2697,2,1,20.0,0,1073,0
2698,3,2,20.0,0,1073,0
2699,7,1,20.0,0,1074,0
2700,4,0,20.0,0,1074,0
2701,6,0,20.0,0,1074,0
2702,0,5,20.0,0,1075,0
2703,6,2,20.0,0,1075,0
2704,5,3,20.0,0,1075,0
2705,6,0,20.0,0,1076,0
2706,5,0,20.0,0,1076,0
2707,0,1,20.0,0,1076,0
2708,2,1,20.0,0,1076,0
2709,2,0,20.0,0,1076,0
2710,4,3,20.0,0,1076,0
2711,6,1,20.0,0,1077,0
2712,5,4,20.0,0,1077,0
2713,7,3,20.0,0,1077,0
2714,0,8,20.0,0,1077,0
2715,4,1,20.0,0,1077,0
2716,2,0,20.0,0,1077,0
2717,1,0,20.0,0,1078,0
2718,10,1,20.0,0,1078,0
2719,0,0,20.0,0,1078,0
2720,23,1,20.0,0,1078,0
2721,5,4,20.0,0,1079,0
2722,3,38,20.0,0,1079,0
2723,2,0,20.0,0,1080,0
2724,10,5,20.0,0,1080,0
2725,5,9,20.0,0,1080,0
2726,3,2,20.0,0,1081,0
2727,2,7,20.0,0,1081,0
2728,8,0,20.0,0,1082,0
2729,0,1,20.0,0,1083,0
2730,15,21,20.0,0,1083,0
2731,7,4,20.0,0,1083,0
2732,4,0,20.0,0,1084,0
2733,7,4,20.0,0,1085,0
2734,23,1,20.0,0,1085,0
2735,8,0,20.0,0,1085,0
2736,3,0,20.0,0,1085,0
2737,21,1,20.0,0,1085,0
2738,14,1,20.0,0,1086,0
2739,7,4,20.0,0,1087,0
2740,1,13,20.0,0,1087,0
2741,7,4,20.0,0,1087,0
2742,9,2,20.0,0,1087,0
2743,11,9,20.0,0,1087,0
2744,5,0,20.0,0,1087,0
2745,8,1,20.0,0,1088,0
2746,6,11,20.0,0,1088,0
2747,0,0,20.0,0,1088,0
2748,5,0,20.0,0,1088,0
2749,3,2,20.0,0,1088,0
2750,4,7,20.0,0,1089,0
2751,14,3,20.0,0,1089,0
2752,7,14,20.0,0,1089,0
2753,9,0,20.0,0,1089,0
2754,1,2,20.0,0,1089,0
2755,3,8,20.0,0,1090,0
2756,0,0,20.0,0,1091,0
2757,2,0,20.0,0,1091,0
2758,7,2,20.0,0,1091,0
2759,5,2,20.0,0,1091,0
2760,0,1,20.0,0,1091,0
2761,6,6,20.0,0,1091,0
2762,17,2,20.0,0,1092,0
2763,2,0,20.0,0,1092,0
2764,1,0,20.0,0,1092,0
2765,3,1,20.0,0,1093,0
2766,8,1,20.0,0,1094,0
2767,3,1,20.0,0,1094,0
2768,0,4,20.0,0,1095,0
2769,15,0,20.0,0,1096,0
2770,5,0,20.0,0,1096,0
2771,10,0,20.0,0,1096,0
2772,14,1,20.0,0,1096,0
2773,2,1,20.0,0,1097,0
2774,9,2,20.0,0,1097,0
2775,3,2,20.0,0,1098,0
2776,15,3,20.0,0,1099,0
2777,3,2,20.0,0,1100,0
2778,19,10,20.0,0,1101,0
2779,6,7,20.0,0,1101,0
2780,8,10,20.0,0,1101,0
2781,4,5,20.0,0,1101,0
2782,3,1,20.0,0,1102,0
2783,2,0,20.0,0,1103,0
2784,0,0,20.0,0,1104,0
2785,3,4,20.0,0,1105,0
2786,12,3,20.0,0,1105,0
2787,4,2,20.0,0,1106,0
2788,3,1,20.0,0,1106,0
2789,4,6,20.0,0,1106,0
2790,13,0,20.0,0,1107,0
2791,0,7,20.0,0,1107,0
2792,1,4,20.0,0,1107,0
2793,4,9,20.0,0,1107,0
2794,3,1,20.0,0,1107,0
2795,4,3,20.0,0,1108,0
2796,7,4,20.0,0,1109,0
2797,4,3,20.0,0,1109,0
2798,6,8,20.0,0,1109,0
2799,2,1,20.0,0,1109,0
2800,6,13,20.0,0,1110,0
2801,2,11,20.0,0,1111,0
2802,1,1,20.0,0,1111,0
2803,2,1,20.0,0,1111,0
2804,10,0,20.0,0,1112,0
2805,1,0,20.0,0,1112,0
2806,9,10,20.0,0,1113,0
2807,0,7,20.0,0,1113,0
2808,7,2,20.0,0,1114,0
2809,12,2,20.0,0,1115,0
2810,4,3,20.0,0,1116,0
2811,1,3,20.0,0,1116,0
2812,6,4,20.0,0,1117,0
2813,13,21,20.0,0,1117,0
2814,0,29,20.0,0,1117,0
2815,0,1,20.0,0,1117,0
2816,5,15,20.0,0,1117,0
2817,7,0,20.0,0,1117,0
2818,7,0,20.0,0,1118,0
2819,2,0,20.0,0,1118,0
2820,16,5,20.0,0,1119,0
2821,5,32,20.0,0,1119,0
2822,2,2,20.0,0,1119,0
2823,1,1,20.0,0,1120,0
2824,11,11,20.0,0,1121,0
2825,13,9,20.0,0,1121,0
2826,6,2,20.0,0,1121,0
2827,4,16,20.0,0,1122,0
2828,30,0,20.0,0,1122,0
2829,16,2,20.0,0,1122,0
2830,12,8,20.0,0,1122,0
2831,13,1,20.0,0,1123,0
2832,4,2,20.0,0,1124,0
2833,11,2,20.0,0,1124,0
2834,14,4,20.0,0,1124,0
2835,2,13,20.0,0,1124,0
2836,7,2,20.0,0,1124,0
2837,3,1,20.0,0,1125,0
2838,1,0,20.0,0,1126,0
2839,1,9,20.0,0,1126,0
2840,1,40,20.0,0,1126,0
2841,7,4,20.0,0,1126,0
2842,11,0,20.0,0,1126,0
2843,1,13,20.0,0,1127,0
2844,8,4,20.0,0,1127,0
2845,10,3,20.0,0,1127,0
2846,7,2,20.0,0,1128,0
2847,12,0,20.0,0,1128,0
2848,3,12,20.0,0,1128,0
2849,8,4,20.0,0,1129,0
2850,10,8,20.0,0,1130,0
2851,2,1,20.0,0,1130,0
2852,11,4,20.0,0,1131,0
2853,3,1,20.0,0,1132,0
2854,5,2,20.0,0,1132,0
2855,7,7,20.0,0,1132,0
2856,1,2,20.0,0,1133,0
2857,24,0,20.0,0,1133,0
2858,3,3,20.0,0,1133,0
2859,4,0,20.0,0,1134,0
2860,5,2,20.0,0,1134,0
2861,7,1,20.0,0,1134,0
2862,8,6,20.0,0,1134,0
2863,7,7,20.0,0,1134,0
2864,7,4,20.0,0,1134,0
2865,11,13,20.0,0,1134,0
2866,11,3,20.0,0,1134,0
2867,12,1,20.0,0,1134,0
2868,2,5,20.0,0,1135,0
2869,0,0,20.0,0,1136,0
2870,5,0,20.0,0,1137,0
2871,15,4,20.0,0,1137,0
2872,11,2,20.0,0,1137,0
2873,10,13,20.0,0,1137,0
2874,0,0,20.0,0,1138,0
2875,4,6,20.0,0,1138,0
2876,9,4,20.0,0,1139,0
2877,0,4,20.0,0,1140,0
2878,0,1,20.0,0,1140,0
2879,9,2,20.0,0,1140,0
2880,2,0,20.0,0,1141,0
2881,5,4,20.0,0,1142,0
2882,11,0,20.0,0,1142,0
2883,16,2,20.0,0,1142,0
2884,1,0,20.0,0,1142,0
2885,3,0,20.0,0,1142,0
2886,6,12,20.0,0,1142,0
2887,6,2,20.0,0,1143,0
2888,6,5,20.0,0,1143,0
2889,1,7,20.0,0,1143,0
2890,4,0,20.0,0,1143,0
2891,4,0,20.0,0,1143,0
2892,4,2,20.0,0,1144,0
2893,29,0,20.0,0,1144,0
2894,0,1,20.0,0,1145,0
2895,6,0,20.0,0,1146,0
2896,14,0,20.0,0,1146,0
2897,20,0,20.0,0,1146,0
2898,7,4,20.0,0,1146,0
2899,11,0,20.0,0,1146,0
2900,2,3,20.0,0,1146,0
2901,4,0,20.0,0,1146,0
2902,7,7,20.0,0,1146,0
2903,26,2,20.0,0,1146,0
2904,1,2,20.0,0,1146,0
2905,4,0,20.0,0,1147,0
2906,18,3,20.0,0,1147,0
2907,1,6,20.0,0,1148,0
2908,0,13,20.0,0,1149,0
2909,7,3,20.0,0,1149,0
2910,3,2,20.0,0,1149,0
2911,12,4,20.0,0,1149,0
2912,8,16,20.0,0,1150,0
2913,6,2,20.0,0,1151,0
2914,3,1,20.0,0,1152,0
2915,7,2,20.0,0,1153,0
2916,4,2,20.0,0,1154,0
2917,1,9,20.0,0,1155,0
2918,4,0,20.0,0,1156,0
2919,14,2,20.0,0,1156,0
2920,0,0,20.0,0,1156,0
2921,3,3,20.0,0,1156,0
2922,6,3,20.0,0,1157,0
2923,5,2,20.0,0,1157,0
2924,7,7,20.0,0,1158,0
2925,10,10,20.0,0,1158,0
2926,2,4,20.0,0,1159,0
2927,1,5,20.0,0,1159,0
2928,3,0,20.0,0,1160,0
2929,14,0,20.0,0,1161,0
2930,2,0,20.0,0,1161,0
2931,4,22,20.0,0,1162,0
2932,12,0,20.0,0,1162,0
2933,5,0,20.0,0,1163,0
2934,15,0,20.0,0,1163,0
2935,4,8,20.0,0,1163,0
2936,4,8,20.0,0,1163,0
2937,2,0,20.0,0,1163,0
2938,6,5,20.0,0,1163,0
2939,9,9,20.0,0,1164,0
2940,6,3,20.0,0,1164,0
2941,2,5,20.0,0,1165,0
2942,6,0,20.0,0,1166,0
2943,8,2,20.0,0,1166,0
2944,2,5,20.0,0,1166,0
2945,3,3,20.0,0,1166,0
2946,2,3,20.0,0,1166,0
2947,2,11,20.0,0,1167,0
2948,4,5,20.0,0,1167,0
2949,3,0,20.0,0,1167,0
2950,14,2,20.0,0,1167,0
2951,1,2,20.0,0,1167,0
2952,2,7,20.0,0,1167,0
2953,7,0,20.0,0,1167,0
2954,3,0,20.0,0,1168,0
2955,9,3,20.0,0,1169,0
2956,4,3,20.0,0,1170,0
2957,4,0,20.0,0,1170,0
2958,4,5,20.0,0,1171,0
2959,5,2,20.0,0,1172,0
2960,10,0,20.0,0,1172,0
2961,0,2,20.0,0,1173,0
2962,3,6,20.0,0,1174,0
2963,12,5,20.0,0,1175,0
2964,8,1,20.0,0,1175,0
2965,16,6,20.0,0,1176,0
2966,9,2,20.0,0,1176,0
2967,14,0,20.0,0,1176,0
2968,4,5,20.0,0,1176,0
2969,4,1,20.0,0,1176,0
2970,14,10,20.0,0,1176,0
2971,7,3,20.0,0,1177,0
2972,9,2,20.0,0,1178,0
2973,0,8,20.0,0,1179,0
2974,13,4,20.0,0,1179,0
2975,4,0,20.0,0,1180,0
2976,9,0,20.0,0,1180,0
2977,4,3,20.0,0,1180,0
2978,2,5,20.0,0,1180,0
2979,1,0,20.0,0,1180,0
2980,5,2,20.0,0,1181,0
2981,2,0,20.0,0,1181,0
2982,2,1,20.0,0,1182,0
2983,3,12,20.0,0,1182,0
2984,9,1,20.0,0,1182,0
2985,2,4,20.0,0,1183,0
2986,5,8,20.0,0,1184,0
2987,8,2,20.0,0,1185,0
2988,11,0,20.0,0,1185,0
2989,6,9,20.0,0,1185,0
2990,3,6,20.0,0,1186,0
2991,0,10,20.0,0,1186,0
2992,28,9,20.0,0,1186,0
2993,3,4,20.0,0,1186,0
2994,20,0,20.0,0,1186,0
2995,0,11,20.0,0,1187,0
2996,0,3,20.0,0,1187,0
2997,5,2,20.0,0,1187,0
2998,9,4,20.0,0,1188,0
2999,13,0,20.0,0,1188,0
3000,5,0,20.0,0,1189,0
3001,3,3,20.0,0,1189,0
3002,41,4,20.0,0,1189,0
3003,5,4,20.0,0,1190,0
3004,2,1,20.0,0,1190,0
3005,8,0,20.0,0,1191,0
3006,8,5,20.0,0,1192,0
3007,6,1,20.0,0,1193,0
3008,2,7,20.0,0,1193,0
3009,17,4,20.0,0,1194,0
3010,2,7,20.0,0,1194,0
3011,9,5,20.0,0,1195,0
3012,6,6,20.0,0,1195,0
3013,1,3,20.0,0,1195,0
3014,2,2,20.0,0,1195,0
3015,5,2,20.0,0,1195,0
3016,9,5,20.0,0,1195,0
3017,24,0,20.0,0,1195,0
3018,0,0,20.0,0,1195,0
3019,16,18,20.0,0,1195,0
3020,9,8,20.0,0,1196,0
3021,1,15,20.0,0,1197,0
3022,12,0,20.0,0,1198,0
3023,8,5,20.0,0,1199,0
3024,4,8,20.0,0,1200,0
3025,6,8,20.0,0,1201,0
3026,5,4,20.0,0,1202,0
3027,6,4,20.0,0,1202,0
3028,3,3,20.0,0,1202,0
3029,4,1,20.0,0,1203,0
3030,1,0,20.0,0,1204,0
3031,11,6,20.0,0,1204,0
3032,4,5,20.0,0,1204,0
3033,16,0,20.0,0,1205,0
3034,0,13,20.0,0,1206,0
3035,10,3,20.0,0,1207,0
3036,1,0,20.0,0,1207,0
3037,3,4,20.0,0,1208,0
3038,2,2,20.0,0,1208,0
3039,2,1,20.0,0,1208,0
3040,0,4,20.0,0,1208,0
3041,0,5,20.0,0,1209,0
3042,2,0,20.0,0,1210,0
3043,2,0,20.0,0,1211,0
3044,8,0,20.0,0,1212,0
3045,1,3,20.0,0,1213,0
3046,5,9,20.0,0,1213,0
3047,14,0,20.0,0,1213,0
3048,3,1,20.0,0,1213,0
3049,10,6,20.0,0,1214,0
3050,7,11,20.0,0,1215,0
3051,4,1,20.0,0,1216,0
3052,15,1,20.0,0,1216,0
3053,18,4,20.0,0,1216,0
3054,5,0,20.0,0,1217,0
3055,3,6,20.0,0,1218,0
3056,5,8,20.0,0,1218,0
3057,6,2,20.0,0,1218,0
3058,7,3,20.0,0,1219,0
3059,6,3,20.0,0,1219,0
3060,3,6,20.0,0,1219,0
3061,6,8,20.0,0,1219,0
3062,6,1,20.0,0,1219,0
3063,10,2,20.0,0,1219,0
3064,12,2,20.0,0,1219,0
3065,8,5,20.0,0,1220,0
3066,10,4,20.0,0,1221,0
3067,7,2,20.0,0,1222,0
3068,2,5,20.0,0,1222,0
3069,12,0,20.0,0,1223,0
3070,0,4,20.0,0,1223,0
3071,1,3,20.0,0,1224,0
3072,1,1,20.0,0,1224,0
3073,12,6,20.0,0,1224,0
3074,15,1,20.0,0,1225,0
3075,13,13,20.0,0,1226,0
3076,10,5,20.0,0,1226,0
3077,0,7,20.0,0,1226,0
3078,9,0,20.0,0,1226,0
3079,10,6,20.0,0,1226,0
3080,4,2,20.0,0,1226,0
3081,11,1,20.0,0,1226,0
3082,3,1,20.0,0,1226,0
3083,7,7,20.0,0,1226,0
3084,6,3,20.0,0,1227,0
3085,5,2,20.0,0,1228,0
3086,427,2,20.0,1,1229,0
3087,8,1,20.0,0,1230,0
3088,6,4,20.0,0,1230,0
3089,7,2,20.0,0,1230,0
3090,5,0,20.0,0,1231,0
3091,7,0,20.0,0,1231,0
3092,11,2,20.0,0,1232,0
3093,6,13,20.0,0,1232,0
3094,21,6,20.0,0,1232,0
3095,2,2,20.0,0,1233,0
3096,2,4,20.0,0,1234,0
3097,1,1,20.0,0,1235,0
3098,0,7,20.0,0,1235,0
3099,8,11,20.0,0,1236,0
3100,2,4,20.0,0,1237,0
3101,2,0,20.0,0,1237,0
3102,8,0,20.0,0,1237,0
3103,13,0,20.0,0,1238,0
3104,1,19,20.0,0,1239,0
3105,0,0,20.0,0,1239,0
3106,3,1,20.0,0,1239,0
3107,3,3,20.0,0,1240,0
3108,7,0,20.0,0,1240,0
3109,13,1,20.0,0,1240,0
3110,3,15,20.0,0,1240,0
3111,6,1,20.0,0,1241,0
3112,15,1,20.0,0,1241,0
3113,0,5,20.0,0,1241,0
3114,1,0,20.0,0,1241,0
3115,4,1,20.0,0,1241,0
3116,1,0,20.0,0,1242,0
3117,7,3,20.0,0,1242,0
3118,2,7,20.0,0,1243,0
3119,7,4,20.0,0,1243,0
3120,1,4,20.0,0,1243,0
3121,8,0,20.0,0,1243,0
3122,1,0,20.0,0,1243,0
3123,5,1,20.0,0,1244,0
3124,10,7,20.0,0,1245,0
3125,3,1,20.0,0,1245,0
3126,5,15,20.0,0,1246,0
3127,10,0,20.0,0,1246,0
3128,2,2,20.0,0,1246,0
3129,8,3,20.0,0,1247,0
3130,2,1,20.0,0,1247,0
3131,4,6,20.0,0,1248,0
3132,12,0,20.0,0,1248,0
3133,4,1,20.0,0,1248,0
3134,0,5,20.0,0,1248,0
3135,6,1,20.0,0,1249,0
3136,8,1,20.0,0,1249,0
3137,9,2,20.0,0,1249,0
3138,26,1,20.0,0,1250,0
3139,3,0,20.0,0,1250,0
3140,0,5,20.0,0,1250,0
3141,2,3,20.0,0,1250,0
3142,0,9,20.0,0,1250,0
3143,3,0,20.0,0,1250,0
3144,1,16,20.0,0,1250,0
3145,24,3,20.0,0,1251,0
3146,5,0,20.0,0,1251,0
3147,2,24,20.0,0,1252,0
3148,3,5,20.0,0,1252,0
3149,1,5,20.0,0,1252,0
3150,1,0,20.0,0,1253,0
3151,6,0,20.0,0,1253,0
3152,3,0,20.0,0,1253,0
3153,7,1,20.0,0,1254,0
3154,1,2,20.0,0,1254,0
3155,0,0,20.0,0,1254,0
3156,10,2,20.0,0,1255,0
3157,4,2,20.0,0,1255,0
3158,1,5,20.0,0,1255,0
3159,0,1,20.0,0,1255,0
3160,12,5,20.0,0,1255,0
3161,12,5,20.0,0,1255,0
3162,7,5,20.0,0,1255,0
3163,3,1,20.0,0,1256,0
3164,9,4,20.0,0,1256,0
3165,9,3,20.0,0,1257,0
3166,2,3,20.0,0,1258,0
3167,10,2,20.0,0,1258,0
3168,5,0,20.0,0,1259,0
3169,17,1,20.0,0,1259,0
3170,16,1,20.0,0,1259,0
3171,2,1,20.0,0,1259,0
3172,1,7,20.0,0,1260,0
3173,0,2,20.0,0,1261,0
3174,9,0,20.0,0,1262,0
3175,3,1,20.0,0,1262,0
3176,0,17,20.0,0,1263,0
3177,1,4,20.0,0,1263,0
3178,3,5,20.0,0,1264,0
3179,18,0,20.0,0,1264,0
3180,9,5,20.0,0,1265,0
3181,7,3,20.0,0,1266,0
3182,2,4,20.0,0,1266,0
3183,5,1,20.0,0,1266,0
3184,9,6,20.0,0,1266,0
3185,4,0,20.0,0,1266,0
3186,2,3,20.0,0,1266,0
3187,1,9,20.0,0,1267,0
3188,8,0,20.0,0,1268,0
3189,5,2,20.0,0,1269,0
3190,5,4,20.0,0,1269,0
3191,14,6,20.0,0,1269,0
3192,2,1,20.0,0,1270,0
3193,10,1,20.0,0,1271,0
3194,5,5,20.0,0,1271,0
3195,10,0,20.0,0,1272,0
3196,8,2,20.0,0,1273,0
3197,2,4,20.0,0,1273,0
3198,7,0,20.0,0,1273,0
3199,0,1,20.0,0,1274,0
3200,7,8,20.0,0,1274,0
3201,4,4,20.0,0,1275,0
3202,28,3,20.0,0,1275,0
3203,16,2,20.0,0,1275,0
3204,3,9,20.0,0,1276,0
3205,7,3,20.0,0,1276,0
3206,4,0,20.0,0,1276,0
3207,2,1,20.0,0,1277,0
3208,10,5,20.0,0,1277,0
3209,5,3,20.0,0,1277,0
3210,3,1,20.0,0,1278,0
3211,2,4,20.0,0,1278,0
3212,15,3,20.0,0,1278,0
3213,6,0,20.0,0,1278,0
3214,8,3,20.0,0,1278,0
3215,107,7,20.0,1,1279,0
3216,4,5,20.0,0,1280,0
3217,4,0,20.0,0,1280,0
3218,3,4,20.0,0,1281,0
3219,5,1,20.0,0,1281,0
3220,7,7,20.0,0,1281,0
3221,8,0,20.0,0,1282,0
3222,4,3,20.0,0,1282,0
3223,6,6,20.0,0,1282,0
3224,9,5,20.0,0,1283,0
3225,9,1,20.0,0,1283,0
3226,5,7,20.0,0,1283,0
3227,2,8,20.0,0,1283,0
3228,5,14,20.0,0,1284,0
3229,6,3,20.0,0,1285,0
3230,6,1,20.0,0,1286,0
3231,7,0,20.0,0,1287,0
3232,9,1,20.0,0,1288,0
3233,10,2,20.0,0,1288,0
3234,2,0,20.0,0,1289,0
3235,3,3,20.0,0,1290,0
3236,5,6,20.0,0,1290,0
3237,4,4,20.0,0,1291,0
3238,5,1,20.0,0,1291,0
3239,9,4,20.0,0,1292,0
3240,4,2,20.0,0,1293,0
3241,1,0,20.0,0,1293,0
3242,3,1,20.0,0,1294,0
3243,3,7,20.0,0,1294,0
3244,5,1,20.0,0,1295,0
3245,13,0,20.0,0,1295,0
3246,15,1,20.0,0,1295,0
3247,2,3,20.0,0,1296,0
3248,1,0,20.0,0,1297,0
3249,4,3,20.0,0,1297,0
3250,1,1,20.0,0,1297,0
3251,22,9,20.0,0,1297,0
3252,5,0,20.0,0,1298,0
3253,3,10,20.0,0,1298,0
3254,3,1,20.0,0,1298,0
3255,3,8,20.0,0,1299,0
3256,9,6,20.0,0,1300,0
3257,2,4,20.0,0,1301,0
3258,4,2,20.0,0,1301,0
3259,2,7,20.0,0,1301,0
3260,15,2,20.0,0,1302,0
3261,4,7,20.0,0,1303,0
3262,3,14,20.0,0,1304,0
3263,0,4,20.0,0,1305,0
3264,8,1,20.0,0,1305,0
3265,1,0,20.0,0,1305,0
3266,67,0,20.0,1,1306,0
3267,129,1,20.0,1,1306,0
3268,74,0,20.0,1,1307,0
3269,3,0,20.0,0,1308,0
3270,24,1,20.0,0,1309,0
3271,2,9,20.0,0,1309,0
3272,10,0,20.0,0,1309,0
3273,5,6,20.0,0,1309,0
3274,2,5,20.0,0,1310,0
3275,10,2,20.0,0,1310,0
3276,0,1,20.0,0,1311,0
3277,10,6,20.0,0,1312,0
3278,11,0,20.0,0,1312,0
3279,2,4,20.0,0,1312,0
3280,7,10,20.0,0,1312,0
3281,4,9,20.0,0,1313,0
3282,9,3,20.0,0,1314,0
3283,9,1,20.0,0,1314,0
3284,2,7,20.0,0,1314,0
3285,2,1,20.0,0,1314,0
3286,1,3,20.0,0,1315,0
3287,11,5,20.0,0,1316,0
3288,7,0,20.0,0,1316,0
3289,1,1,20.0,0,1317,0
3290,0,0,20.0,0,1317,0
3291,7,3,20.0,0,1318,0
3292,7,0,20.0,0,1319,0
3293,7,5,20.0,0,1319,0
3294,1,1,20.0,0,1319,0
3295,5,6,20.0,0,1320,0
3296,0,0,20.0,0,1321,0
3297,3,1,20.0,0,1321,0
3298,3,0,20.0,0,1322,0
3299,5,1,20.0,0,1322,0
3300,12,0,20.0,0,1322,0
3301,0,3,20.0,0,1322,0
3302,9,2,20.0,0,1322,0
3303,5,3,20.0,0,1322,0
3304,7,2,20.0,0,1322,0
3305,4,5,20.0,0,1323,0
3306,8,0,20.0,0,1323,0
3307,11,0,20.0,0,1323,0
3308,3,1,20.0,0,1323,0
3309,7,1,20.0,0,1324,0
3310,3,1,20.0,0,1324,0
3311,0,1,20.0,0,1324,0
3312,15,8,20.0,0,1325,0
3313,7,2,20.0,0,1326,0
3314,4,8,20.0,0,1326,0
3315,6,1,20.0,0,1327,0
3316,2,5,20.0,0,1327,0
3317,5,2,20.0,0,1328,0
3318,19,0,20.0,0,1328,0
3319,9,1,20.0,0,1328,0
3320,7,2,20.0,0,1328,0
3321,5,0,20.0,0,1328,0
3322,3,0,20.0,0,1329,0
3323,16,7,20.0,0,1329,0
3324,0,7,20.0,0,1330,0
3325,8,0,20.0,0,1330,0
3326,5,7,20.0,0,1331,0
3327,1,2,20.0,0,1331,0
3328,8,5,20.0,0,1332,0
3329,20,0,20.0,0,1332,0
3330,7,1,20.0,0,1332,0
3331,4,2,20.0,0,1332,0
3332,1,0,20.0,0,1332,0
3333,7,5,20.0,0,1333,0
3334,3,0,20.0,0,1333,0
3335,12,7,20.0,0,1333,0
3336,22,0,20.0,0,1334,0
3337,6,2,20.0,0,1334,0
3338,9,3,20.0,0,1335,0
3339,3,1,20.0,0,1336,0
3340,0,2,20.0,0,1336,0
3341,0,4,20.0,0,1336,0
3342,2,2,20.0,0,1336,0
3343,3,5,20.0,0,1336,0
3344,4,3,20.0,0,1336,0
3345,2,12,20.0,0,1337,0
3346,2,7,20.0,0,1338,0
3347,10,0,20.0,0,1338,0
3348,15,3,20.0,0,1339,0
3349,4,3,20.0,0,1339,0
3350,8,11,20.0,0,1340,0
3351,13,5,20.0,0,1341,0
3352,5,0,20.0,0,1341,0
3353,15,13,20.0,0,1342,0
3354,8,4,20.0,0,1342,0
3355,11,0,20.0,0,1343,0
3356,4,0,20.0,0,1343,0
3357,14,1,20.0,0,1343,0
3358,9,16,20.0,0,1344,0
3359,18,13,20.0,0,1344,0
3360,6,12,20.0,0,1344,0
3361,1,2,20.0,0,1345,0
3362,1,5,20.0,0,1346,0
3363,6,0,20.0,0,1346,0
3364,0,0,20.0,0,1346,0
3365,9,0,20.0,0,1347,0
3366,6,1,20.0,0,1347,0
3367,15,4,20.0,0,1348,0
3368,1,0,20.0,0,1349,0
3369,18,0,20.0,0,1350,0
3370,3,6,20.0,0,1350,0
3371,17,1,20.0,0,1350,0
3372,1,4,20.0,0,1351,0
3373,7,2,20.0,0,1351,0
3374,2,3,20.0,0,1351,0
3375,9,5,20.0,0,1351,0
3376,6,1,20.0,0,1351,0
3377,2,1,20.0,0,1352,0
3378,2,2,20.0,0,1353,0
3379,4,5,20.0,0,1353,0
3380,5,5,20.0,0,1353,0
3381,0,3,20.0,0,1353,0
3382,9,3,20.0,0,1353,0
3383,2,0,20.0,0,1353,0
3384,8,1,20.0,0,1353,0
3385,9,3,20.0,0,1353,0
3386,9,0,20.0,0,1353,0
3387,4,7,20.0,0,1353,0
3388,3,0,20.0,0,1353,0
3389,1,0,20.0,0,1354,0
3390,1,0,20.0,0,1355,0
3391,3,0,20.0,0,1355,0
3392,7,1,20.0,0,1356,0
3393,2,1,20.0,0,1356,0
3394,0,4,20.0,0,1356,0
3395,2,2,20.0,0,1357,0
3396,15,0,20.0,0,1357,0
3397,5,0,20.0,0,1358,0
3398,5,4,20.0,0,1359,0
3399,9,2,20.0,0,1359,0
3400,1,3,20.0,0,1359,0
3401,0,0,20.0,0,1359,0
3402,4,3,20.0,0,1360,0
3403,0,1,20.0,0,1360,0
3404,3,0,20.0,0,1360,0
3405,5,4,20.0,0,1361,0
3406,4,4,20.0,0,1361,0
3407,6,0,20.0,0,1361,0
3408,2,11,20.0,0,1362,0
3409,3,0,20.0,0,1362,0
3410,8,11,20.0,0,1362,0
3411,11,3,20.0,0,1362,0
3412,3,10,20.0,0,1362,0
3413,16,5,20.0,0,1363,0
3414,2,1,20.0,0,1363,0
3415,2,2,20.0,0,1363,0
3416,7,6,20.0,0,1364,0
3417,10,6,20.0,0,1364,0
3418,12,5,20.0,0,1364,0
3419,4,4,20.0,0,1364,0
3420,8,1,20.0,0,1364,0
3421,1,4,20.0,0,1364,0
3422,3,0,20.0,0,1365,0
3423,7,1,20.0,0,1365,0
3424,6,1,20.0,0,1365,0
3425,7,1,20.0,0,1365,0
3426,6,7,20.0,0,1365,0
3427,2,2,20.0,0,1366,0
3428,4,0,20.0,0,1367,0
3429,9,2,20.0,0,1368,0
3430,3,1,20.0,0,1368,0
3431,13,1,20.0,0,1368,0
3432,15,5,20.0,0,1368,0
3433,5,4,20.0,0,1368,0
3434,7,1,20.0,0,1368,0
3435,6,3,20.0,0,1368,0
3436,14,4,20.0,0,1369,0
3437,5,2,20.0,0,1370,0
3438,2,1,20.0,0,1370,0
3439,9,0,20.0,0,1370,0
3440,10,4,20.0,0,1371,0
3441,3,1,20.0,0,1372,0
3442,0,4,20.0,0,1372,0
3443,17,0,20.0,0,1372,0
3444,7,1,20.0,0,1372,0
3445,5,1,20.0,0,1372,0
3446,0,18,20.0,0,1372,0
3447,4,0,20.0,0,1372,0
3448,6,6,20.0,0,1373,0
3449,4,7,20.0,0,1374,0
3450,2,0,20.0,0,1375,0
3451,17,6,20.0,0,1375,0
3452,1,4,20.0,0,1376,0
3453,5,1,20.0,0,1377,0
3454,4,5,20.0,0,1377,0
3455,5,2,20.0,0,1377,0
3456,5,5,20.0,0,1378,0
3457,1,0,20.0,0,1379,0
3458,4,1,20.0,0,1379,0
3459,7,0,20.0,0,1380,0
3460,3,2,20.0,0,1380,0
3461,2,1,20.0,0,1381,0
3462,6,3,20.0,0,1381,0
3463,2,0,20.0,0,1382,0
3464,5,10,20.0,0,1382,0
3465,15,3,20.0,0,1382,0
3466,9,5,20.0,0,1382,0
3467,1,2,20.0,0,1383,0
3468,6,2,20.0,0,1383,0
3469,1,28,20.0,0,1383,0
3470,2,0,20.0,0,1383,0
3471,7,10,20.0,0,1384,0
3472,3,13,20.0,0,1384,0
3473,5,1,20.0,0,1384,0
3474,1,0,20.0,0,1385,0
3475,0,5,20.0,0,1385,0
3476,7,4,20.0,0,1386,0
3477,3,8,20.0,0,1386,0
3478,6,0,20.0,0,1386,0
3479,12,4,20.0,0,1386,0
3480,1,4,20.0,0,1387,0
3481,3,2,20.0,0,1387,0
3482,1,4,20.0,0,1388,0
3483,8,0,20.0,0,1388,0
3484,4,3,20.0,0,1389,0
3485,9,1,20.0,0,1389,0
3486,3,1,20.0,0,1389,0
3487,1,2,20.0,0,1390,0
3488,7,3,20.0,0,1390,0
3489,8,1,20.0,0,1390,0
3490,12,8,20.0,0,1390,0
3491,0,0,20.0,0,1390,0
3492,7,0,20.0,0,1390,0
3493,0,7,20.0,0,1391,0
3494,8,1,20.0,0,1392,0
3495,9,1,20.0,0,1393,0
3496,0,0,20.0,0,1393,0
3497,11,0,20.0,0,1393,0
3498,4,4,20.0,0,1393,0
3499,2,9,20.0,0,1393,0
3500,1,3,20.0,0,1393,0
3501,14,1,20.0,0,1393,0
3502,4,4,20.0,0,1393,0
3503,6,0,20.0,0,1393,0
3504,7,4,20.0,0,1393,0
3505,1,3,20.0,0,1394,0
3506,9,1,20.0,0,1394,0
3507,2,0,20.0,0,1395,0
3508,1,1,20.0,0,1396,0
3509,16,12,20.0,0,1396,0
3510,6,17,20.0,0,1396,0
3511,3,1,20.0,0,1396,0
3512,9,5,20.0,0,1396,0
3513,5,0,20.0,0,1396,0
3514,2,0,20.0,0,1397,0
3515,9,0,20.0,0,1397,0
3516,13,0,20.0,0,1398,0
3517,5,8,20.0,0,1399,0
3518,1,0,20.0,0,1400,0
3519,2,0,20.0,0,1400,0
3520,19,1,20.0,0,1400,0
3521,7,2,20.0,0,1401,0
3522,0,3,20.0,0,1402,0
3523,5,1,20.0,0,1402,0
3524,8,13,20.0,0,1403,0
3525,11,5,20.0,0,1404,0
3526,9,1,20.0,0,1405,0
3527,9,2,20.0,0,1406,0
3528,0,4,20.0,0,1406,0
3529,9,0,20.0,0,1407,0
3530,1,0,20.0,0,1407,0
3531,6,2,20.0,0,1407,0
3532,0,1,20.0,0,1408,0
3533,2,9,20.0,0,1408,0
3534,4,0,20.0,0,1409,0
3535,11,10,20.0,0,1409,0
3536,0,1,20.0,0,1409,0
3537,6,2,20.0,0,1409,0
3538,1,3,20.0,0,1410,0
3539,5,3,20.0,0,1411,0
3540,1,4,20.0,0,1411,0
3541,2,3,20.0,0,1411,0
3542,1,5,20.0,0,1412,0
3543,4,2,20.0,0,1413,0
3544,2,0,20.0,0,1413,0
3545,6,0,20.0,0,1413,0
3546,3,0,20.0,0,1414,0
3547,14,1,20.0,0,1414,0
3548,2,1,20.0,0,1415,0
3549,15,0,20.0,0,1416,0
3550,9,12,20.0,0,1416,0
3551,1,2,20.0,0,1417,0
3552,11,1,20.0,0,1418,0
3553,12,3,20.0,0,1418,0
3554,0,1,20.0,0,1419,0
3555,10,4,20.0,0,1420,0
3556,1,0,20.0,0,1420,0
3557,5,1,20.0,0,1420,0
3558,3,15,20.0,0,1420,0
3559,7,3,20.0,0,1421,0
3560,6,2,20.0,0,1421,0
3561,6,4,20.0,0,1421,0
3562,2,2,20.0,0,1421,0
3563,5,3,20.0,0,1422,0
3564,1,3,20.0,0,1422,0
3565,2,2,20.0,0,1422,0
3566,2,7,20.0,0,1422,0
3567,3,8,20.0,0,1423,0
3568,7,11,20.0,0,1423,0
3569,11,0,20.0,0,1423,0
3570,25,0,20.0,0,1423,0
3571,4,11,20.0,0,1423,0
3572,5,1,20.0,0,1423,0
3573,4,9,20.0,0,1423,0
3574,6,0,20.0,0,1423,0
3575,9,1,20.0,0,1423,0
3576,10,9,20.0,0,1424,0
3577,6,2,20.0,0,1424,0
3578,4,5,20.0,0,1424,0
3579,6,0,20.0,0,1424,0
3580,2,3,20.0,0,1424,0
3581,2,2,20.0,0,1425,0
3582,2,0,20.0,0,1425,0
3583,1,1,20.0,0,1426,0
3584,1,10,20.0,0,1427,0
3585,2,6,20.0,0,1427,0
3586,9,3,20.0,0,1427,0
3587,0,0,20.0,0,1427,0
3588,6,1,20.0,0,1427,0
3589,6,0,20.0,0,1427,0
3590,9,0,20.0,0,1428,0
3591,13,0,20.0,0,1428,0
3592,3,3,20.0,0,1429,0
3593,8,0,20.0,0,1429,0
3594,8,12,20.0,0,1429,0
3595,8,0,20.0,0,1429,0
3596,0,1,20.0,0,1430,0
3597,4,0,20.0,0,1431,0
3598,10,0,20.0,0,1431,0
3599,5,0,20.0,0,1431,0
3600,6,0,20.0,0,1431,0
3601,5,0,20.0,0,1432,0
3602,5,0,20.0,0,1432,0
3603,13,2,20.0,0,1432,0
3604,14,3,20.0,0,1432,0
3605,3,26,20.0,0,1432,0
3606,6,9,20.0,0,1432,0
3607,25,2,20.0,0,1433,0
3608,7,3,20.0,0,1433,0
3609,20,2,20.0,0,1434,0
3610,4,0,20.0,0,1434,0
3611,30,4,20.0,0,1435,0
3612,3,1,20.0,0,1436,0
3613,5,5,20.0,0,1436,0
3614,8,6,20.0,0,1436,0
3615,2,1,20.0,0,1436,0
3616,3,0,20.0,0,1437,0
3617,13,2,20.0,0,1437,0
3618,5,14,20.0,0,1438,0
3619,1,14,20.0,0,1438,0
3620,0,5,20.0,0,1439,0
3621,9,2,20.0,0,1440,0
3622,2,1,20.0,0,1441,0
3623,13,0,20.0,0,1441,0
3624,6,3,20.0,0,1442,0
3625,3,1,20.0,0,1443,0
3626,5,2,20.0,0,1443,0
3627,5,0,20.0,0,1443,0
3628,26,0,20.0,0,1444,0
3629,8,8,20.0,0,1444,0
3630,1,0,20.0,0,1444,0
3631,10,0,20.0,0,1444,0
3632,2,1,20.0,0,1444,0
3633,10,7,20.0,0,1445,0
3634,27,0,20.0,0,1445,0
3635,3,4,20.0,0,1445,0
3636,7,2,20.0,0,1446,0
3637,0,9,20.0,0,1446,0
3638,9,0,20.0,0,1447,0
3639,0,2,20.0,0,1447,0
3640,2,1,20.0,0,1447,0
3641,43,0,20.0,0,1448,0
3642,0,0,20.0,0,1448,0
3643,14,4,20.0,0,1449,0
3644,7,1,20.0,0,1450,0
3645,1,2,20.0,0,1450,0
3646,24,0,20.0,0,1450,0
3647,3,2,20.0,0,1450,0
3648,1,0,20.0,0,1450,0
3649,4,10,20.0,0,1450,0
3650,5,12,20.0,0,1450,0
3651,16,1,20.0,0,1450,0
3652,6,6,20.0,0,1450,0
3653,5,1,20.0,0,1451,0
3654,6,18,20.0,0,1452,0
3655,2,5,20.0,0,1452,0
3656,9,7,20.0,0,1452,0
3657,5,7,20.0,0,1453,0
3658,23,1,20.0,0,1453,0
3659,7,1,20.0,0,1453,0
3660,4,0,20.0,0,1453,0
3661,5,7,20.0,0,1453,0
3662,10,9,20.0,0,1453,0
3663,1,1,20.0,0,1453,0
3664,2,0,20.0,0,1454,0
3665,10,1,20.0,0,1455,0
3666,2,5,20.0,0,1456,0
3667,12,3,20.0,0,1456,0
3668,4,0,20.0,0,1456,0
3669,7,7,20.0,0,1456,0
3670,6,0,20.0,0,1457,0
3671,0,0,20.0,0,1457,0
3672,4,6,20.0,0,1458,0
3673,4,6,20.0,0,1458,0
3674,3,2,20.0,0,1459,0
3675,6,6,20.0,0,1459,0
3676,3,0,20.0,0,1459,0
3677,9,0,20.0,0,1460,0
3678,2,7,20.0,0,1461,0
3679,5,0,20.0,0,1462,0
3680,8,0,20.0,0,1462,0
3681,8,0,20.0,0,1463,0
3682,0,5,20.0,0,1463,0
3683,5,10,20.0,0,1464,0
3684,8,9,20.0,0,1465,0
3685,1,5,20.0,0,1466,0
3686,8,2,20.0,0,1466,0
3687,4,3,20.0,0,1466,0
3688,6,0,20.0,0,1466,0
3689,5,18,20.0,0,1466,0
3690,1,0,20.0,0,1467,0
3691,11,0,20.0,0,1468,0
3692,1,6,20.0,0,1469,0
3693,14,0,20.0,0,1470,0
3694,29,1,20.0,0,1470,0
3695,3,2,20.0,0,1471,0
3696,4,11,20.0,0,1472,0
3697,4,3,20.0,0,1473,0
3698,0,0,20.0,0,1473,0
3699,4,1,20.0,0,1473,0
3700,5,0,20.0,0,1473,0
3701,5,1,20.0,0,1474,0
3702,13,6,20.0,0,1474,0
3703,6,0,20.0,0,1475,0
3704,1,0,20.0,0,1475,0
3705,0,2,20.0,0,1476,0
3706,7,1,20.0,0,1477,0
3707,10,0,20.0,0,1477,0
3708,6,1,20.0,0,1477,0
3709,3,1,20.0,0,1477,0
3710,7,1,20.0,0,1478,0
3711,9,1,20.0,0,1479,0
3712,1,1,20.0,0,1479,0
3713,3,0,20.0,0,1479,0
3714,11,1,20.0,0,1480,0
3715,11,4,20.0,0,1481,0
3716,9,3,20.0,0,1482,0
3717,1,8,20.0,0,1483,0
3718,4,2,20.0,0,1483,0
3719,5,0,20.0,0,1484,0
3720,0,3,20.0,0,1484,0
3721,1,0,20.0,0,1484,0
3722,1,17,20.0,0,1485,0
3723,10,4,20.0,0,1485,0
3724,17,5,20.0,0,1485,0
3725,1,1,20.0,0,1485,0
3726,1,4,20.0,0,1485,0
3727,6,0,20.0,0,1485,0
3728,9,4,20.0,0,1486,0
3729,3,6,20.0,0,1487,0
3730,1,2,20.0,0,1487,0
3731,2,0,20.0,0,1488,0
3732,8,3,20.0,0,1488,0
3733,4,9,20.0,0,1488,0
3734,6,0,20.0,0,1489,0
3735,2,7,20.0,0,1489,0
3736,8,1,20.0,0,1490,0
3737,0,5,20.0,0,1490,0
3738,14,5,20.0,0,1491,0
3739,10,1,20.0,0,1491,0
3740,10,7,20.0,0,1491,0
3741,16,5,20.0,0,1492,0
3742,20,1,20.0,0,1493,0
3743,3,1,20.0,0,1494,0
3744,19,0,20.0,0,1494,0
3745,27,5,20.0,0,1495,0
3746,2,2,20.0,0,1496,0
3747,7,0,20.0,0,1496,0
3748,9,2,20.0,0,1496,0
3749,7,5,20.0,0,1496,0
3750,3,1,20.0,0,1496,0
3751,4,2,20.0,0,1496,0
3752,2,6,20.0,0,1496,0
3753,9,0,20.0,0,1496,0
3754,10,0,20.0,0,1497,0
3755,7,1,20.0,0,1498,0
3756,1,0,20.0,0,1499,0
3757,2,9,20.0,0,1499,0
3758,2,0,20.0,0,1499,0
3759,4,3,20.0,0,1500,0
3760,2,0,20.0,0,1500,0
3761,13,19,20.0,0,1500,0
3762,3,2,20.0,0,1500,0
3763,0,21,20.0,0,1500,0
3764,5,0,20.0,0,1500,0
3765,4,2,20.0,0,1500,0
3766,3,4,20.0,0,1500,0
3767,10,0,20.0,0,1501,0
3768,12,5,20.0,0,1501,0
3769,2,2,20.0,0,1501,0
3770,4,5,20.0,0,1501,0
3771,1,12,20.0,0,1501,0
3772,4,1,20.0,0,1501,0
3773,6,4,20.0,0,1502,0
3774,0,1,20.0,0,1502,0
3775,1,5,20.0,0,1503,0
3776,4,2,20.0,0,1503,0
3777,21,6,20.0,0,1503,0
3778,10,2,20.0,0,1504,0
3779,2,1,20.0,0,1505,0
3780,9,7,20.0,0,1505,0
3781,13,0,20.0,0,1505,0
3782,6,0,20.0,0,1506,0
3783,53,2,20.0,0,1506,0
3784,6,4,20.0,0,1506,0
3785,10,5,20.0,0,1507,0
3786,2,19,20.0,0,1507,0
3787,6,17,20.0,0,1507,0
3788,11,5,20.0,0,1508,0
3789,22,6,20.0,0,1508,0
3790,7,0,20.0,0,1508,0
3791,6,3,20.0,0,1508,0
3792,2,2,20.0,0,1508,0
3793,7,6,20.0,0,1508,0
3794,12,2,20.0,0,1508,0
3795,7,6,20.0,0,1508,0
3796,0,7,20.0,0,1509,0
3797,196,12,20.0,1,1510,0
3798,8,0,20.0,0,1511,0
3799,11,0,20.0,0,1511,0
3800,1,1,20.0,0,1512,0
3801,9,4,20.0,0,1513,0
3802,8,4,20.0,0,1513,0
3803,0,2,20.0,0,1514,0
3804,15,12,20.0,0,1514,0
3805,11,2,20.0,0,1514,0
3806,1,0,20.0,0,1514,0
3807,2,2,20.0,0,1514,0
3808,26,0,20.0,0,1514,0
3809,9,13,20.0,0,1514,0
3810,27,3,20.0,0,1514,0
3811,14,9,20.0,0,1514,0
3812,10,0,20.0,0,1515,0
3813,4,1,20.0,0,1515,0
3814,1,0,20.0,0,1515,0
3815,7,9,20.0,0,1516,0
3816,9,10,20.0,0,1516,0
3817,4,1,20.0,0,1517,0
3818,10,0,20.0,0,1518,0
3819,5,0,20.0,0,1518,0
3820,14,5,20.0,0,1518,0
3821,4,8,20.0,0,1518,0
3822,0,11,20.0,0,1518,0
3823,6,4,20.0,0,1518,0
3824,5,1,20.0,0,1518,0
3825,11,0,20.0,0,1518,0
3826,2,1,20.0,0,1519,0
3827,22,3,20.0,0,1519,0
3828,9,0,20.0,0,1520,0
3829,11,1,20.0,0,1520,0
3830,17,2,20.0,0,1520,0
3831,0,3,20.0,0,1520,0
3832,2,2,20.0,0,1521,0
3833,2,4,20.0,0,1522,0
3834,3,3,20.0,0,1522,0
3835,6,2,20.0,0,1523,0
3836,8,0,20.0,0,1524,0
3837,19,10,20.0,0,1524,0
3838,2,7,20.0,0,1524,0
3839,4,0,20.0,0,1524,0
3840,6,3,20.0,0,1524,0
3841,7,0,20.0,0,1524,0
3842,3,0,20.0,0,1524,0
3843,10,2,20.0,0,1525,0
3844,5,6,20.0,0,1525,0
3845,7,0,20.0,0,1525,0
3846,2,0,20.0,0,1525,0
3847,5,8,20.0,0,1525,0
3848,4,0,20.0,0,1525,0
3849,15,1,20.0,0,1525,0
3850,1,2,20.0,0,1525,0
3851,0,6,20.0,0,1525,0
3852,1,1,20.0,0,1526,0
3853,1,1,20.0,0,1527,0
3854,10,18,20.0,0,1527,0
3855,5,6,20.0,0,1527,0
3856,1,0,20.0,0,1527,0
3857,1,3,20.0,0,1527,0
3858,8,1,20.0,0,1527,0
3859,4,3,20.0,0,1527,0
3860,10,2,20.0,0,1527,0
3861,13,6,20.0,0,1528,0
3862,0,4,20.0,0,1528,0
3863,12,1,20.0,0,1528,0
3864,1,7,20.0,0,1529,0
3865,17,3,20.0,0,1529,0
3866,1,0,20.0,0,1530,0
3867,22,0,20.0,0,1530,0
3868,0,0,20.0,0,1530,0
3869,4,1,20.0,0,1530,0
3870,4,0,20.0,0,1531,0
3871,16,2,20.0,0,1531,0
3872,1,1,20.0,0,1531,0
3873,2,4,20.0,0,1532,0
3874,8,1,20.0,0,1532,0
3875,4,3,20.0,0,1532,0
3876,4,3,20.0,0,1532,0
3877,18,0,20.0,0,1533,0
3878,19,2,20.0,0,1534,0
3879,8,5,20.0,0,1535,0
3880,9,5,20.0,0,1536,0
3881,10,3,20.0,0,1537,0
3882,9,1,20.0,0,1537,0
3883,3,6,20.0,0,1537,0
3884,8,4,20.0,0,1537,0
3885,3,1,20.0,0,1538,0
3886,3,0,20.0,0,1539,0
3887,1,8,20.0,0,1539,0
3888,0,1,20.0,0,1540,0
3889,3,2,20.0,0,1541,0
3890,29,0,20.0,0,1541,0
3891,2,2,20.0,0,1541,0
3892,5,4,20.0,0,1542,0
3893,9,0,20.0,0,1542,0
3894,8,0,20.0,0,1542,0
3895,33,0,20.0,0,1543,0
3896,22,1,20.0,0,1544,0
3897,18,8,20.0,0,1544,0
3898,24,1,20.0,0,1545,0
3899,8,2,20.0,0,1546,0
3900,2,7,20.0,0,1547,0
3901,6,2,20.0,0,1547,0
3902,5,0,20.0,0,1548,0
3903,7,4,20.0,0,1548,0
3904,13,4,20.0,0,1548,0
3905,8,0,20.0,0,1549,0
3906,23,7,20.0,0,1549,0
3907,5,7,20.0,0,1549,0
3908,0,15,20.0,0,1550,0
3909,21,0,20.0,0,1551,0
3910,6,4,20.0,0,1552,0
3911,9,0,20.0,0,1553,0
3912,4,8,20.0,0,1553,0
3913,20,0,20.0,0,1553,0
3914,3,3,20.0,0,1554,0
3915,8,9,20.0,0,1554,0
3916,5,0,20.0,0,1555,0
3917,17,0,20.0,0,1555,0
3918,8,1,20.0,0,1556,0
3919,9,1,20.0,0,1556,0
3920,1,4,20.0,0,1557,0
3921,4,12,20.0,0,1557,0
3922,2,2,20.0,0,1557,0
3923,7,5,20.0,0,1558,0
3924,3,3,20.0,0,1559,0
3925,6,4,20.0,0,1560,0
3926,12,7,20.0,0,1560,0
3927,4,3,20.0,0,1561,0
3928,0,2,20.0,0,1561,0
3929,9,0,20.0,0,1562,0
3930,7,1,20.0,0,1562,0
3931,5,8,20.0,0,1562,0
3932,0,1,20.0,0,1562,0
3933,8,3,20.0,0,1562,0
3934,4,6,20.0,0,1563,0
3935,3,0,20.0,0,1564,0
3936,2,2,20.0,0,1564,0
3937,9,2,20.0,0,1564,0
3938,6,3,20.0,0,1564,0
3939,1,1,20.0,0,1564,0
3940,11,0,20.0,0,1565,0
3941,7,10,20.0,0,1565,0
3942,3,18,20.0,0,1566,0
3943,1,0,20.0,0,1567,0
3944,14,2,20.0,0,1567,0
3945,10,6,20.0,0,1568,0
3946,5,6,20.0,0,1568,0
3947,3,1,20.0,0,1568,0
3948,3,4,20.0,0,1569,0
3949,8,2,20.0,0,1569,0
3950,5,2,20.0,0,1570,0
3951,1,0,20.0,0,1571,0
3952,1,0,20.0,0,1571,0
3953,7,0,20.0,0,1571,0
3954,15,2,20.0,0,1571,0
3955,2,1,20.0,0,1571,0
3956,4,13,20.0,0,1571,0
3957,9,1,20.0,0,1571,0
3958,0,2,20.0,0,1572,0
3959,11,0,20.0,0,1573,0
3960,16,2,20.0,0,1574,0
3961,6,1,20.0,0,1575,0
3962,10,4,20.0,0,1575,0
3963,4,0,20.0,0,1576,0
3964,1,0,20.0,0,1576,0
3965,294,7,20.0,1,1577,0
3966,1,1,20.0,0,1578,0
3967,3,0,20.0,0,1578,0
3968,1,0,20.0,0,1578,0
3969,1,5,20.0,0,1579,0
3970,4,3,20.0,0,1579,0
3971,17,2,20.0,0,1579,0
3972,0,0,20.0,0,1580,0
3973,0,7,20.0,0,1581,0
3974,19,5,20.0,0,1581,0
3975,14,4,20.0,0,1581,0
3976,9,0,20.0,0,1582,0
3977,15,0,20.0,0,1583,0
3978,2,4,20.0,0,1584,0
3979,3,0,20.0,0,1584,0
3980,10,10,20.0,0,1585,0
3981,7,6,20.0,0,1585,0
3982,0,2,20.0,0,1586,0
3983,5,1,20.0,0,1586,0
3984,7,13,20.0,0,1586,0
3985,22,2,20.0,0,1587,0
3986,2,2,20.0,0,1588,0
3987,18,0,20.0,0,1589,0
3988,10,2,20.0,0,1590,0
3989,14,3,20.0,0,1590,0
3990,2,0,20.0,0,1591,0
3991,4,3,20.0,0,1591,0
3992,5,3,20.0,0,1592,0
3993,10,14,20.0,0,1592,0
3994,3,1,20.0,0,1593,0
3995,1,1,20.0,0,1593,0
3996,1,17,20.0,0,1593,0
3997,7,8,20.0,0,1593,0
3998,4,1,20.0,0,1593,0
3999,10,0,20.0,0,1593,0
4000,2,6,20.0,0,1594,0
4001,5,1,20.0,0,1595,0
4002,0,1,20.0,0,1595,0
4003,6,1,20.0,0,1596,0
4004,5,6,20.0,0,1596,0
4005,3,2,20.0,0,1597,0
4006,5,5,20.0,0,1597,0
4007,4,2,20.0,0,1597,0
4008,2,2,20.0,0,1598,0
4009,15,4,20.0,0,1598,0
4010,4,0,20.0,0,1598,0
4011,0,0,20.0,0,1599,0
4012,4,3,20.0,0,1600,0
4013,5,0,20.0,0,1600,0
4014,2,1,20.0,0,1600,0
4015,1,8,20.0,0,1600,0
4016,4,2,20.0,0,1600,0
4017,3,4,20.0,0,1600,0
4018,14,0,20.0,0,1601,0
4019,4,8,20.0,0,1602,0
4020,3,5,20.0,0,1603,0
4021,0,2,20.0,0,1603,0
4022,1,9,20.0,0,1604,0
4023,12,0,20.0,0,1604,0
4024,4,3,20.0,0,1604,0
4025,11,0,20.0,0,1605,0
4026,5,4,20.0,0,1606,0
4027,2,8,20.0,0,1607,0
4028,1,4,20.0,0,1607,0
4029,9,9,20.0,0,1607,0
4030,1,4,20.0,0,1608,0
4031,8,0,20.0,0,1609,0
4032,2,8,20.0,0,1609,0
4033,12,0,20.0,0,1610,0
4034,1,3,20.0,0,1610,0
4035,4,0,20.0,0,1610,0
4036,0,7,20.0,0,1611,0
4037,0,2,20.0,0,1612,0
4038,1,5,20.0,0,1613,0
4039,10,9,20.0,0,1613,0
4040,9,0,20.0,0,1613,0
4041,3,0,20.0,0,1613,0
4042,8,3,20.0,0,1614,0
4043,1,3,20.0,0,1614,0
4044,0,1,20.0,0,1614,0
4045,9,0,20.0,0,1614,0
4046,3,2,20.0,0,1615,0
4047,4,3,20.0,0,1615,0
4048,3,5,20.0,0,1616,0
4049,6,4,20.0,0,1616,0
4050,5,0,20.0,0,1616,0
4051,7,1,20.0,0,1617,0
4052,0,13,20.0,0,1618,0
4053,3,0,20.0,0,1618,0
4054,7,2,20.0,0,1618,0
4055,8,0,20.0,0,1618,0
4056,6,0,20.0,0,1618,0
4057,11,2,20.0,0,1618,0
4058,2,2,20.0,0,1618,0
4059,3,5,20.0,0,1619,0
4060,3,1,20.0,0,1620,0
4061,5,3,20.0,0,1621,0
4062,6,2,20.0,0,1621,0
4063,2,0,20.0,0,1622,0
4064,1,3,20.0,0,1622,0
4065,14,3,20.0,0,1623,0
4066,1,2,20.0,0,1624,0
4067,2,6,20.0,0,1624,0
4068,7,0,20.0,0,1624,0
4069,25,0,20.0,0,1624,0
4070,5,1,20.0,0,1625,0
4071,19,3,20.0,0,1625,0
4072,10,0,20.0,0,1626,0
4073,9,5,20.0,0,1627,0
4074,3,12,20.0,0,1627,0
4075,4,2,20.0,0,1627,0
4076,9,12,20.0,0,1627,0
4077,5,3,20.0,0,1627,0
4078,8,21,20.0,0,1627,0
4079,8,3,20.0,0,1627,0
4080,6,1,20.0,0,1627,0
4081,6,7,20.0,0,1628,0
4082,5,0,20.0,0,1628,0
4083,0,2,20.0,0,1628,0
4084,5,0,20.0,0,1628,0
4085,22,3,20.0,0,1628,0
4086,3,1,20.0,0,1628,0
4087,7,0,20.0,0,1628,0
4088,2,5,20.0,0,1629,0
4089,3,1,20.0,0,1629,0
4090,4,0,20.0,0,1629,0
4091,1,0,20.0,0,1630,0
4092,3,0,20.0,0,1631,0
4093,0,5,20.0,0,1631,0
4094,18,9,20.0,0,1631,0
4095,14,14,20.0,0,1631,0
4096,9,0,20.0,0,1632,0
4097,0,3,20.0,0,1633,0
4098,3,10,20.0,0,1634,0
4099,1,0,20.0,0,1634,0
4100,3,0,20.0,0,1634,0
4101,1,1,20.0,0,1634,0
4102,15,2,20.0,0,1635,0
4103,7,1,20.0,0,1636,0
4104,12,1,20.0,0,1637,0
4105,29,6,20.0,0,1637,0
4106,5,1,20.0,0,1638,0
4107,6,1,20.0,0,1638,0
4108,14,0,20.0,0,1638,0
4109,5,5,20.0,0,1638,0
4110,2,2,20.0,0,1639,0
4111,4,2,20.0,0,1639,0
4112,7,0,20.0,0,1640,0
4113,1,12,20.0,0,1641,0
4114,0,0,20.0,0,1641,0
4115,8,2,20.0,0,1641,0
4116,17,3,20.0,0,1641,0
4117,10,6,20.0,0,1641,0
4118,0,7,20.0,0,1641,0
4119,1,0,20.0,0,1642,0
4120,1,0,20.0,0,1642,0
4121,0,2,20.0,0,1643,0
4122,3,0,20.0,0,1643,0
4123,0,2,20.0,0,1643,0
4124,22,0,20.0,0,1644,0
4125,2,1,20.0,0,1645,0
4126,7,7,20.0,0,1646,0
4127,1,3,20.0,0,1647,0
4128,3,0,20.0,0,1647,0
4129,17,9,20.0,0,1647,0
4130,4,2,20.0,0,1647,0
4131,9,2,20.0,0,1647,0
4132,4,0,20.0,0,1647,0
4133,0,6,20.0,0,1647,0
4134,2,6,20.0,0,1647,0
4135,5,3,20.0,0,1648,0
4136,12,3,20.0,0,1649,0
4137,10,3,20.0,0,1650,0
4138,3,2,20.0,0,1650,0
4139,4,4,20.0,0,1650,0
4140,0,2,20.0,0,1651,0
4141,0,1,20.0,0,1651,0
4142,6,0,20.0,0,1652,0
4143,2,20,20.0,0,1653,0
4144,2,9,20.0,0,1653,0
4145,15,14,20.0,0,1653,0
4146,9,0,20.0,0,1654,0
4147,12,0,20.0,0,1654,0
4148,4,0,20.0,0,1654,0
4149,8,2,20.0,0,1654,0
4150,11,3,20.0,0,1654,0
4151,6,0,20.0,0,1655,0
4152,4,0,20.0,0,1655,0
4153,2,3,20.0,0,1656,0
4154,2,8,20.0,0,1656,0
4155,4,0,20.0,0,1656,0
4156,8,0,20.0,0,1657,0
4157,6,14,20.0,0,1658,0
4158,10,2,20.0,0,1658,0
4159,7,0,20.0,0,1658,0
4160,11,1,20.0,0,1658,0
4161,1,2,20.0,0,1658,0
4162,8,0,20.0,0,1658,0
4163,5,0,20.0,0,1658,0
4164,17,0,20.0,0,1658,0
4165,1,3,20.0,0,1659,0
4166,8,12,20.0,0,1660,0
4167,5,1,20.0,0,1661,0
4168,3,0,20.0,0,1661,0
4169,7,6,20.0,0,1661,0
4170,5,1,20.0,0,1662,0
4171,11,8,20.0,0,1662,0
4172,2,4,20.0,0,1663,0
4173,5,9,20.0,0,1663,0
4174,5,11,20.0,0,1663,0
4175,4,0,20.0,0,1664,0
4176,13,2,20.0,0,1664,0
4177,1,6,20.0,0,1664,0
4178,4,1,20.0,0,1664,0
4179,26,3,20.0,0,1665,0
4180,14,11,20.0,0,1665,0
4181,5,1,20.0,0,1665,0
4182,9,1,20.0,0,1666,0
4183,13,3,20.0,0,1666,0
4184,0,5,20.0,0,1667,0
4185,28,1,20.0,0,1667,0
4186,18,0,20.0,0,1668,0
4187,3,1,20.0,0,1668,0
4188,1,5,20.0,0,1669,0
4189,4,0,20.0,0,1670,0
4190,9,0,20.0,0,1670,0
4191,5,2,20.0,0,1671,0
4192,7,7,20.0,0,1671,0
4193,0,0,20.0,0,1671,0
4194,1,0,20.0,0,1672,0
4195,4,5,20.0,0,1672,0
4196,5,4,20.0,0,1672,0
4197,11,17,20.0,0,1672,0
4198,2,0,20.0,0,1673,0
4199,11,5,20.0,0,1674,0
4200,14,0,20.0,0,1674,0
4201,8,1,20.0,0,1674,0
4202,4,0,20.0,0,1674,0
4203,10,1,20.0,0,1675,0
4204,3,12,20.0,0,1675,0
4205,3,1,20.0,0,1675,0
4206,4,7,20.0,0,1675,0
4207,16,16,20.0,0,1675,0
4208,3,0,20.0,0,1675,0
4209,0,1,20.0,0,1675,0
4210,8,0,20.0,0,1675,0
4211,17,2,20.0,0,1675,0
4212,1,2,20.0,0,1675,0
4213,7,0,20.0,0,1675,0
4214,6,1,20.0,0,1675,0
4215,8,0,20.0,0,1675,0
4216,0,6,20.0,0,1676,0
4217,4,11,20.0,0,1676,0
4218,4,9,20.0,0,1677,0
4219,29,2,20.0,0,1678,0
4220,8,2,20.0,0,1679,0
4221,7,3,20.0,0,1680,0
4222,3,4,20.0,0,1681,0
4223,6,6,20.0,0,1681,0
4224,0,1,20.0,0,1681,0
4225,1,0,20.0,0,1682,0
4226,11,2,20.0,0,1682,0
4227,0,2,20.0,0,1682,0
4228,6,4,20.0,0,1682,0
4229,9,2,20.0,0,1682,0
4230,1,0,20.0,0,1683,0
4231,3,0,20.0,0,1684,0
4232,0,0,20.0,0,1685,0
4233,0,3,20.0,0,1685,0
4234,12,2,20.0,0,1686,0
4235,5,0,20.0,0,1686,0
4236,12,1,20.0,0,1687,0
4237,5,0,20.0,0,1687,0
4238,4,0,20.0,0,1688,0
4239,0,2,20.0,0,1688,0
4240,4,0,20.0,0,1689,0
4241,9,4,20.0,0,1690,0
4242,4,8,20.0,0,1691,0
4243,7,1,20.0,0,1691,0
4244,18,2,20.0,0,1692,0
4245,4,0,20.0,0,1692,0
4246,18,2,20.0,0,1693,0
4247,7,1,20.0,0,1694,0
4248,0,3,20.0,0,1695,0
4249,3,1,20.0,0,1695,0
4250,3,10,20.0,0,1695,0
4251,19,0,20.0,0,1695,0
4252,18,4,20.0,0,1695,0
4253,6,0,20.0,0,1695,0
4254,0,0,20.0,0,1696,0
4255,13,0,20.0,0,1697,0
4256,11,6,20.0,0,1698,0
4257,5,1,20.0,0,1698,0
4258,8,5,20.0,0,1699,0
4259,3,0,20.0,0,1700,0
4260,5,1,20.0,0,1700,0
4261,6,0,20.0,0,1700,0
4262,3,0,20.0,0,1701,0
4263,4,5,20.0,0,1701,0
4264,0,0,20.0,0,1701,0
4265,19,0,20.0,0,1702,0
4266,0,1,20.0,0,1702,0
4267,6,0,20.0,0,1702,0
4268,7,5,20.0,0,1702,0
4269,8,15,20.0,0,1702,0
4270,9,8,20.0,0,1702,0
4271,1,1,20.0,0,1703,0
4272,11,9,20.0,0,1703,0
4273,18,0,20.0,0,1703,0
4274,9,4,20.0,0,1704,0
4275,5,3,20.0,0,1704,0
4276,3,2,20.0,0,1704,0
4277,8,0,20.0,0,1704,0
4278,3,2,20.0,0,1704,0
4279,4,0,20.0,0,1704,0
4280,0,3,20.0,0,1705,0
4281,1,7,20.0,0,1705,0
4282,1,0,20.0,0,1706,0
4283,7,2,20.0,0,1706,0
4284,4,0,20.0,0,1706,0
4285,5,0,20.0,0,1706,0
4286,11,7,20.0,0,1706,0
4287,7,0,20.0,0,1706,0
4288,1,8,20.0,0,1707,0
4289,6,14,20.0,0,1707,0
4290,15,8,20.0,0,1708,0
4291,6,1,20.0,0,1708,0
4292,2,0,20.0,0,1708,0
4293,20,2,20.0,0,1709,0
4294,2,10,20.0,0,1709,0
4295,6,3,20.0,0,1710,0
4296,1,1,20.0,0,1710,0
4297,3,6,20.0,0,1711,0
4298,3,2,20.0,0,1711,0
4299,12,0,20.0,0,1711,0
4300,0,6,20.0,0,1711,0
4301,3,9,20.0,0,1712,0
4302,8,0,20.0,0,1712,0
4303,2,0,20.0,0,1712,0
4304,6,3,20.0,0,1712,0
4305,3,3,20.0,0,1713,0
4306,1,0,20.0,0,1713,0
4307,8,1,20.0,0,1713,0
4308,4,2,20.0,0,1713,0
4309,6,0,20.0,0,1713,0
4310,10,3,20.0,0,1713,0
4311,3,4,20.0,0,1714,0
4312,4,16,20.0,0,1714,0
4313,24,0,20.0,0,1714,0
4314,4,1,20.0,0,1715,0
4315,7,4,20.0,0,1715,0
4316,4,2,20.0,0,1716,0
4317,0,3,20.0,0,1716,0
4318,4,1,20.0,0,1716,0
4319,5,3,20.0,0,1716,0
4320,19,1,20.0,0,1716,0
4321,2,1,20.0,0,1716,0
4322,3,7,20.0,0,1717,0
4323,2,0,20.0,0,1718,0
4324,17,1,20.0,0,1718,0
4325,3,1,20.0,0,1718,0
4326,2,0,20.0,0,1719,0
4327,1,0,20.0,0,1720,0
4328,8,3,20.0,0,1721,0
4329,3,18,20.0,0,1721,0
4330,7,1,20.0,0,1721,0
4331,10,1,20.0,0,1721,0
4332,15,4,20.0,0,1721,0
4333,1,3,20.0,0,1722,0
4334,11,3,20.0,0,1723,0
4335,19,13,20.0,0,1724,0
4336,2,9,20.0,0,1724,0
4337,3,1,20.0,0,1724,0
4338,8,0,20.0,0,1724,0
4339,7,7,20.0,0,1725,0
4340,15,0,20.0,0,1725,0
4341,0,1,20.0,0,1725,0
4342,4,1,20.0,0,1725,0
4343,5,3,20.0,0,1726,0
4344,1,4,20.0,0,1726,0
4345,2,7,20.0,0,1727,0
4346,4,6,20.0,0,1727,0
4347,4,7,20.0,0,1727,0
4348,9,9,20.0,0,1728,0
4349,5,6,20.0,0,1729,0
4350,6,0,20.0,0,1730,0
4351,9,2,20.0,0,1730,0
4352,6,1,20.0,0,1730,0
4353,8,7,20.0,0,1731,0
4354,2,3,20.0,0,1731,0
4355,2,4,20.0,0,1732,0
4356,4,2,20.0,0,1733,0
4357,6,0,20.0,0,1734,0
4358,0,2,20.0,0,1734,0
4359,11,1,20.0,1,1735,0
4360,57,2,20.0,1,1735,0
4361,143,6,20.0,1,1735,0
4362,149,6,20.0,1,1735,0
4363,26,0,20.0,1,1735,0
4364,7,7,20.0,0,1736,0
4365,4,2,20.0,0,1737,0
4366,10,0,20.0,0,1738,0
4367,0,5,20.0,0,1738,0
4368,4,14,20.0,0,1739,0
4369,1,3,20.0,0,1739,0
4370,3,14,20.0,0,1739,0
4371,3,4,20.0,0,1740,0
4372,8,0,20.0,0,1740,0
4373,9,11,20.0,0,1740,0
4374,11,0,20.0,0,1740,0
4375,4,1,20.0,0,1740,0
4376,10,3,20.0,0,1740,0
4377,6,0,20.0,0,1741,0
4378,5,3,20.0,0,1742,0
4379,6,9,20.0,0,1742,0
4380,6,4,20.0,0,1743,0
4381,1,1,20.0,0,1744,0
4382,3,0,20.0,0,1745,0
4383,4,0,20.0,0,1746,0
4384,13,0,20.0,0,1747,0
4385,4,1,20.0,0,1747,0
4386,3,2,20.0,0,1748,0
4387,8,3,20.0,0,1749,0
4388,12,4,20.0,0,1750,0
4389,6,3,20.0,0,1750,0
4390,9,18,20.0,0,1751,0
4391,4,2,20.0,0,1751,0
4392,16,14,20.0,0,1752,0
4393,7,10,20.0,0,1753,0
4394,3,1,20.0,0,1753,0
4395,6,1,20.0,0,1753,0
4396,7,10,20.0,0,1753,0
4397,1,0,20.0,0,1753,0
4398,0,4,20.0,0,1753,0
4399,3,7,20.0,0,1754,0
4400,4,0,20.0,0,1754,0
4401,7,2,20.0,0,1754,0
4402,9,0,20.0,0,1754,0
4403,9,0,20.0,0,1754,0
4404,14,1,20.0,0,1755,0
4405,8,5,20.0,0,1756,0
4406,5,8,20.0,0,1756,0
4407,1,1,20.0,0,1756,0
4408,9,4,20.0,0,1757,0
4409,1,1,20.0,0,1758,0
4410,5,4,20.0,0,1758,0
4411,1,0,20.0,0,1758,0
4412,1,0,20.0,0,1759,0
4413,0,9,20.0,0,1760,0
4414,2,0,20.0,0,1760,0
4415,6,3,20.0,0,1760,0
4416,5,14,20.0,0,1761,0
4417,4,1,20.0,0,1761,0
4418,6,7,20.0,0,1761,0
4419,1,2,20.0,0,1761,0
4420,0,5,20.0,0,1761,0
4421,0,0,20.0,0,1761,0
4422,0,0,20.0,0,1761,0
4423,5,0,20.0,0,1762,0
4424,6,8,20.0,0,1763,0
4425,7,2,20.0,0,1763,0
4426,2,2,20.0,0,1764,0
4427,8,1,20.0,0,1764,0
4428,4,6,20.0,0,1765,0
4429,6,12,20.0,0,1765,0
4430,0,1,20.0,0,1766,0
4431,5,4,20.0,0,1766,0
4432,8,0,20.0,0,1766,0
4433,9,0,20.0,0,1766,0
4434,2,0,20.0,0,1767,0
4435,9,3,20.0,0,1767,0
4436,10,1,20.0,0,1767,0
4437,14,0,20.0,0,1768,0
4438,2,4,20.0,0,1768,0
4439,4,13,20.0,0,1768,0
4440,8,3,20.0,0,1769,0
4441,0,14,20.0,0,1769,0
4442,10,1,20.0,0,1769,0
4443,0,0,20.0,0,1769,0
4444,4,0,20.0,0,1770,0
4445,1,3,20.0,0,1770,0
4446,7,21,20.0,0,1770,0
4447,0,4,20.0,0,1770,0
4448,4,5,20.0,0,1771,0
4449,0,7,20.0,0,1771,0
4450,11,1,20.0,0,1771,0
4451,3,1,20.0,0,1772,0
4452,9,0,20.0,0,1772,0
4453,4,20,20.0,0,1772,0
4454,5,2,20.0,0,1772,0
4455,0,6,20.0,0,1773,0
4456,1,0,20.0,0,1774,0
4457,0,3,20.0,0,1774,0
4458,8,1,20.0,0,1775,0
4459,2,3,20.0,0,1775,0
4460,1,9,20.0,0,1776,0
4461,7,4,20.0,0,1776,0
4462,2,3,20.0,0,1776,0
4463,6,0,20.0,0,1776,0
4464,2,6,20.0,0,1776,0
4465,4,0,20.0,0,1776,0
4466,3,0,20.0,0,1776,0
4467,3,7,20.0,0,1776,0
4468,11,7,20.0,0,1776,0
4469,2,4,20.0,0,1777,0
4470,2,1,20.0,0,1778,0
4471,5,0,20.0,0,1778,0
4472,4,5,20.0,0,1778,0
4473,1,0,20.0,0,1779,0
4474,4,0,20.0,0,1780,0
4475,7,1,20.0,0,1780,0
4476,3,2,20.0,0,1780,0
4477,0,7,20.0,0,1781,0
4478,12,5,20.0,0,1781,0
4479,6,0,20.0,0,1781,0
4480,4,1,20.0,0,1781,0
4481,5,0,20.0,0,1781,0
4482,6,0,20.0,0,1782,0
4483,4,3,20.0,0,1782,0
4484,12,11,20.0,0,1783,0
4485,8,3,20.0,0,1783,0
4486,0,1,20.0,0,1784,0
4487,8,0,20.0,0,1785,0
4488,10,5,20.0,0,1786,0
4489,7,0,20.0,0,1786,0
4490,11,1,20.0,0,1786,0
4491,7,1,20.0,0,1787,0
4492,2,1,20.0,0,1787,0
4493,3,6,20.0,0,1787,0
4494,3,19,20.0,0,1787,0
4495,3,2,20.0,0,1787,0
4496,4,9,20.0,0,1788,0
4497,6,10,20.0,0,1789,0
4498,4,2,20.0,0,1789,0
4499,2,2,20.0,0,1789,0
4500,1,0,20.0,0,1790,0
4501,1,0,20.0,0,1790,0
4502,6,2,20.0,0,1791,0
4503,3,1,20.0,0,1791,0
4504,4,0,20.0,0,1791,0
4505,0,0,20.0,0,1791,0
4506,6,13,20.0,0,1792,0
4507,7,1,20.0,0,1792,0
4508,4,11,20.0,0,1793,0
4509,21,2,20.0,0,1794,0
4510,24,1,20.0,0,1795,0
4511,14,5,20.0,0,1796,0
4512,7,0,20.0,0,1797,0
4513,5,1,20.0,0,1798,0
4514,11,3,20.0,0,1799,0
4515,12,2,20.0,0,1799,0
4516,1,0,20.0,0,1799,0
4517,11,2,20.0,0,1799,0
4518,14,5,20.0,0,1799,0
4519,7,1,20.0,0,1799,0
4520,18,2,20.0,0,1799,0
4521,3,6,20.0,0,1800,0
4522,7,0,20.0,0,1800,0
4523,5,0,20.0,0,1801,0
4524,6,0,20.0,0,1802,0
4525,16,3,20.0,0,1802,0
4526,2,1,20.0,0,1803,0
4527,1,2,20.0,0,1803,0
4528,9,0,20.0,0,1803,0
4529,11,0,20.0,0,1804,0
4530,16,9,20.0,0,1805,0
4531,1,1,20.0,0,1805,0
4532,3,5,20.0,0,1805,0
4533,1,10,20.0,0,1806,0
4534,2,0,20.0,0,1806,0
4535,13,3,20.0,0,1806,0
4536,5,6,20.0,0,1806,0
4537,8,2,20.0,0,1806,0
4538,8,0,20.0,0,1807,0
4539,1,3,20.0,0,1807,0
4540,9,6,20.0,0,1808,0
4541,7,0,20.0,0,1809,0
4542,2,1,20.0,0,1809,0
4543,7,1,20.0,0,1810,0
4544,5,0,20.0,0,1810,0
4545,11,3,20.0,0,1810,0
4546,2,17,20.0,0,1811,0
4547,1,0,20.0,0,1812,0
4548,13,0,20.0,0,1812,0
4549,12,0,20.0,0,1812,0
4550,2,0,20.0,0,1812,0
4551,1,6,20.0,0,1812,0
4552,4,5,20.0,0,1812,0
4553,5,18,20.0,0,1812,0
4554,3,3,20.0,0,1812,0
4555,2,1,20.0,0,1812,0
4556,2,3,20.0,0,1812,0
4557,3,1,20.0,0,1813,0
4558,2,0,20.0,0,1814,0
4559,0,1,20.0,0,1814,0
4560,9,2,20.0,0,1814,0
4561,0,4,20.0,0,1814,0
4562,17,2,20.0,0,1814,0
4563,2,8,20.0,0,1814,0
4564,6,6,20.0,0,1814,0
4565,0,9,20.0,0,1814,0
4566,3,9,20.0,0,1815,0
4567,9,1,20.0,0,1815,0
4568,1,0,20.0,0,1815,0
4569,8,0,20.0,0,1816,0
4570,9,1,20.0,0,1816,0
4571,2,2,20.0,0,1817,0
4572,2,6,20.0,0,1817,0
4573,4,0,20.0,0,1817,0
4574,9,2,20.0,0,1818,0
4575,8,0,20.0,0,1818,0
4576,26,8,20.0,0,1818,0
4577,4,3,20.0,0,1818,0
4578,23,1,20.0,0,1819,0
4579,8,3,20.0,0,1820,0
4580,1,2,20.0,0,1821,0
4581,10,5,20.0,0,1821,0
4582,5,0,20.0,0,1822,0
4583,4,2,20.0,0,1822,0
4584,2,3,20.0,0,1823,0
4585,6,8,20.0,0,1823,0
4586,23,2,20.0,0,1823,0
4587,7,1,20.0,0,1824,0
4588,8,4,20.0,0,1825,0
4589,14,5,20.0,0,1826,0
4590,5,4,20.0,0,1827,0
4591,13,2,20.0,0,1827,0
4592,4,2,20.0,0,1828,0
4593,6,0,20.0,0,1828,0
4594,8,2,20.0,0,1828,0
4595,23,26,20.0,0,1828,0
4596,4,2,20.0,0,1828,0
4597,6,0,20.0,0,1828,0
4598,9,2,20.0,0,1829,0
4599,10,9,20.0,0,1829,0
4600,6,2,20.0,0,1830,0
4601,9,2,20.0,0,1830,0
4602,6,1,20.0,0,1831,0
4603,4,3,20.0,0,1831,0
4604,4,12,20.0,0,1831,0
4605,6,1,20.0,0,1832,0
4606,1,9,20.0,0,1832,0
4607,1,4,20.0,0,1832,0
4608,1,1,20.0,0,1832,0
4609,11,4,20.0,0,1832,0
4610,25,12,20.0,0,1832,0
4611,0,0,20.0,0,1832,0
4612,10,5,20.0,0,1833,0
4613,3,7,20.0,0,1834,0
4614,3,2,20.0,0,1835,0
4615,3,4,20.0,0,1836,0
4616,0,5,20.0,0,1836,0
4617,7,0,20.0,0,1837,0
4618,8,1,20.0,0,1837,0
4619,5,1,20.0,0,1837,0
4620,2,5,20.0,0,1837,0
4621,5,4,20.0,0,1838,0
4622,180,4,20.0,1,1839,0
4623,123,0,20.0,1,1839,0
4624,127,0,20.0,1,1839,0
4625,7,1,20.0,0,1840,0
4626,1,1,20.0,0,1840,0
4627,0,2,20.0,0,1840,0
4628,0,33,20.0,0,1840,0
4629,2,1,20.0,0,1840,0
4630,9,3,20.0,0,1841,0
4631,1,25,20.0,0,1842,0
4632,10,0,20.0,0,1843,0
4633,6,0,20.0,0,1843,0
4634,11,2,20.0,0,1844,0
4635,5,3,20.0,0,1844,0
4636,8,1,20.0,0,1845,0
4637,2,2,20.0,0,1845,0
4638,1,0,20.0,0,1846,0
4639,2,8,20.0,0,1846,0
4640,0,1,20.0,0,1846,0
4641,2,12,20.0,0,1847,0
4642,8,3,20.0,0,1847,0
4643,2,0,20.0,0,1848,0
4644,9,0,20.0,0,1848,0
4645,22,1,20.0,0,1848,0
4646,2,1,20.0,0,1848,0
4647,8,0,20.0,0,1849,0
4648,4,12,20.0,0,1849,0
4649,11,5,20.0,0,1850,0
4650,7,0,20.0,0,1851,0
4651,5,2,20.0,0,1851,0
4652,12,6,20.0,0,1851,0
4653,0,1,20.0,0,1851,0
4654,6,0,20.0,0,1851,0
4655,4,8,20.0,0,1852,0
4656,19,9,20.0,0,1853,0
4657,22,1,20.0,0,1854,0
4658,7,1,20.0,0,1855,0
4659,1,9,20.0,0,1855,0
4660,5,1,20.0,0,1856,0
4661,7,4,20.0,0,1856,0
4662,5,3,20.0,0,1856,0
4663,0,8,20.0,0,1857,0
4664,10,1,20.0,0,1858,0
4665,7,16,20.0,0,1858,0
4666,2,1,20.0,0,1858,0
4667,3,1,20.0,0,1858,0
4668,2,1,20.0,0,1859,0
4669,5,1,20.0,0,1859,0
4670,6,0,20.0,0,1859,0
4671,7,3,20.0,0,1859,0
4672,10,2,20.0,0,1860,0
4673,2,7,20.0,0,1861,0
4674,1,2,20.0,0,1861,0
4675,22,0,20.0,0,1861,0
4676,5,6,20.0,0,1861,0
4677,7,5,20.0,0,1861,0
4678,5,0,20.0,0,1861,0
4679,8,3,20.0,0,1861,0
4680,2,0,20.0,0,1862,0
4681,1,0,20.0,0,1862,0
4682,4,6,20.0,0,1863,0
4683,107,3,20.0,1,1864,0
4684,98,1,20.0,1,1864,0
4685,120,1,20.0,1,1864,0
4686,60,0,20.0,1,1864,0
4687,5,0,20.0,0,1865,0
4688,20,2,20.0,0,1865,0
4689,7,3,20.0,0,1865,0
4690,3,15,20.0,0,1865,0
4691,0,0,20.0,0,1865,0
4692,9,2,20.0,0,1866,0
4693,2,2,20.0,0,1866,0
4694,10,5,20.0,0,1867,0
4695,0,19,20.0,0,1868,0
4696,5,6,20.0,0,1869,0
4697,6,0,20.0,0,1869,0
4698,5,2,20.0,0,1869,0
4699,10,3,20.0,0,1870,0
4700,11,2,20.0,0,1870,0
4701,1,3,20.0,0,1871,0
4702,34,0,20.0,0,1872,0
4703,0,1,20.0,0,1873,0
4704,3,1,20.0,0,1873,0
4705,0,5,20.0,0,1873,0
4706,12,0,20.0,0,1874,0
4707,3,5,20.0,0,1874,0
4708,11,3,20.0,0,1875,0
4709,1,0,20.0,0,1875,0
4710,9,1,20.0,0,1875,0
4711,3,2,20.0,0,1875,0
4712,5,0,20.0,0,1876,0
4713,2,1,20.0,0,1877,0
4714,8,1,20.0,0,1878,0
4715,10,8,20.0,0,1878,0
4716,11,2,20.0,0,1878,0
4717,6,3,20.0,0,1878,0
4718,8,0,20.0,0,1879,0
4719,1,4,20.0,0,1880,0
4720,7,3,20.0,0,1881,0
4721,2,14,20.0,0,1882,0
4722,5,7,20.0,0,1883,0
4723,1,0,20.0,0,1883,0
4724,5,3,20.0,0,1883,0
4725,7,1,20.0,0,1883,0
4726,4,0,20.0,0,1883,0
4727,4,6,20.0,0,1884,0
4728,8,1,20.0,0,1884,0
4729,6,2,20.0,0,1885,0
4730,7,9,20.0,0,1885,0
4731,27,10,20.0,0,1886,0
4732,1,4,20.0,0,1887,0
4733,2,1,20.0,0,1887,0
4734,2,0,20.0,0,1888,0
4735,7,11,20.0,0,1888,0
4736,2,5,20.0,0,1888,0
4737,3,6,20.0,0,1888,0
4738,3,4,20.0,0,1888,0
4739,3,1,20.0,0,1888,0
4740,11,0,20.0,0,1889,0
4741,13,3,20.0,0,1889,0
4742,4,1,20.0,0,1890,0
4743,16,8,20.0,0,1890,0
4744,2,9,20.0,0,1890,0
4745,7,2,20.0,0,1890,0
4746,13,5,20.0,0,1890,0
4747,4,14,20.0,0,1891,0
4748,7,3,20.0,0,1891,0
4749,26,0,20.0,0,1891,0
4750,3,5,20.0,0,1892,0
4751,5,0,20.0,0,1892,0
4752,5,0,20.0,0,1892,0
4753,5,1,20.0,0,1893,0
4754,4,6,20.0,0,1893,0
4755,11,0,20.0,0,1893,0
4756,18,2,20.0,0,1894,0
4757,19,7,20.0,0,1895,0
4758,1,5,20.0,0,1895,0
4759,8,2,20.0,0,1895,0
4760,4,3,20.0,0,1896,0
4761,0,0,20.0,0,1896,0
4762,12,0,20.0,0,1897,0
4763,2,5,20.0,0,1898,0
4764,9,4,20.0,0,1898,0
4765,0,8,20.0,0,1898,0
4766,17,14,20.0,0,1898,0
4767,4,3,20.0,0,1899,0
4768,4,0,20.0,0,1899,0
4769,15,1,20.0,0,1900,0
4770,9,3,20.0,0,1901,0
4771,10,3,20.0,0,1901,0
4772,7,0,20.0,0,1902,0
4773,4,1,20.0,0,1903,0
4774,9,5,20.0,0,1903,0
4775,4,2,20.0,0,1903,0
4776,3,2,20.0,0,1904,0
4777,7,6,20.0,0,1904,0
4778,4,0,20.0,0,1905,0
4779,11,2,20.0,0,1906,0
4780,2,4,20.0,0,1906,0
4781,5,4,20.0,0,1906,0
4782,5,3,20.0,0,1907,0
4783,2,0,20.0,0,1908,0
4784,8,0,20.0,0,1908,0
4785,2,0,20.0,0,1909,0
4786,4,0,20.0,0,1909,0
4787,13,0,20.0,0,1909,0
4788,5,2,20.0,0,1909,0
4789,24,0,20.0,0,1909,0
4790,12,0,20.0,0,1909,0
4791,0,10,20.0,0,1909,0
4792,4,0,20.0,0,1910,0
4793,40,4,20.0,1,1911,0
4794,181,0,20.0,1,1911,0
4795,9,0,20.0,0,1912,0
4796,7,1,20.0,0,1912,0
4797,7,14,20.0,0,1912,0
4798,2,4,20.0,0,1912,0
4799,4,9,20.0,0,1912,0
4800,7,2,20.0,0,1912,0
4801,17,0,20.0,0,1912,0
4802,1,5,20.0,0,1913,0
4803,3,1,20.0,0,1914,0
4804,8,1,20.0,0,1914,0
4805,11,0,20.0,0,1915,0
4806,6,10,20.0,0,1916,0
4807,3,8,20.0,0,1917,0
4808,11,0,20.0,0,1917,0
4809,6,1,20.0,0,1917,0
4810,3,9,20.0,0,1917,0
4811,12,0,20.0,0,1917,0
4812,8,6,20.0,0,1917,0
4813,10,6,20.0,0,1917,0
4814,2,3,20.0,0,1918,0
4815,4,2,20.0,0,1918,0
4816,9,9,20.0,0,1918,0
4817,11,0,20.0,0,1918,0
4818,2,4,20.0,0,1918,0
4819,15,0,20.0,0,1919,0
4820,4,3,20.0,0,1919,0
4821,25,0,20.0,0,1919,0
4822,11,15,20.0,0,1920,0
4823,1,3,20.0,0,1920,0
4824,6,5,20.0,0,1921,0
4825,9,0,20.0,0,1921,0
4826,5,3,20.0,0,1922,0
4827,3,1,20.0,0,1923,0
4828,12,0,20.0,0,1924,0
4829,5,9,20.0,0,1925,0
4830,3,3,20.0,0,1925,0
4831,6,5,20.0,0,1926,0
4832,2,13,20.0,0,1927,0
4833,1,0,20.0,0,1927,0
4834,1,3,20.0,0,1927,0
4835,7,0,20.0,0,1927,0
4836,5,0,20.0,0,1927,0
4837,5,3,20.0,0,1928,0
4838,0,1,20.0,0,1928,0
4839,21,7,20.0,0,1928,0
4840,0,5,20.0,0,1928,0
4841,5,2,20.0,0,1929,0
4842,2,3,20.0,0,1929,0
4843,1,9,20.0,0,1929,0
4844,4,1,20.0,0,1929,0
4845,19,18,20.0,0,1929,0
4846,24,8,20.0,0,1929,0
4847,10,3,20.0,0,1929,0
4848,4,5,20.0,0,1930,0
4849,3,7,20.0,0,1930,0
4850,2,1,20.0,0,1931,0
4851,8,0,20.0,0,1932,0
4852,17,8,20.0,0,1932,0
4853,5,3,20.0,0,1933,0
4854,5,1,20.0,0,1934,0
4855,11,9,20.0,0,1934,0
4856,1,2,20.0,0,1935,0
4857,5,0,20.0,0,1935,0
4858,4,6,20.0,0,1935,0
4859,5,3,20.0,0,1935,0
4860,12,14,20.0,0,1936,0
4861,6,1,20.0,0,1936,0
4862,6,3,20.0,0,1936,0
4863,7,5,20.0,0,1936,0
4864,31,1,20.0,0,1936,0
4865,3,1,20.0,0,1936,0
4866,8,3,20.0,0,1937,0
4867,5,1,20.0,0,1937,0
4868,10,2,20.0,0,1937,0
4869,1,6,20.0,0,1938,0
4870,0,2,20.0,0,1938,0
4871,2,14,20.0,0,1938,0
4872,10,4,20.0,0,1938,0
4873,13,3,20.0,0,1938,0
4874,2,0,20.0,0,1939,0
4875,4,0,20.0,0,1940,0
4876,35,4,20.0,0,1941,0
4877,16,2,20.0,0,1941,0
4878,64,13,20.0,0,1941,0
4879,7,0,20.0,0,1941,0
4880,2,2,20.0,0,1941,0
4881,16,0,20.0,0,1941,0
4882,4,5,20.0,0,1942,0
4883,29,4,20.0,0,1943,0
4884,10,6,20.0,0,1943,0
4885,1,1,20.0,0,1944,0
4886,4,0,20.0,0,1945,0
4887,2,10,20.0,0,1946,0
4888,7,16,20.0,0,1946,0
4889,9,4,20.0,0,1947,0
4890,4,0,20.0,0,1947,0
4891,4,3,20.0,0,1947,0
4892,3,5,20.0,0,1948,0
4893,4,5,20.0,0,1948,0
4894,17,3,20.0,0,1948,0
4895,8,10,20.0,0,1949,0
4896,1,5,20.0,0,1950,0
4897,19,1,20.0,0,1950,0
4898,3,0,20.0,0,1951,0
4899,1,3,20.0,0,1951,0
4900,9,6,20.0,0,1951,0
4901,14,4,20.0,0,1951,0
4902,2,1,20.0,0,1951,0
4903,11,11,20.0,0,1951,0
4904,4,9,20.0,0,1952,0
4905,3,0,20.0,0,1952,0
4906,5,0,20.0,0,1953,0
4907,4,2,20.0,0,1953,0
4908,10,6,20.0,0,1954,0
4909,12,2,20.0,0,1955,0
4910,12,0,20.0,0,1955,0
4911,12,0,20.0,0,1956,0
4912,6,0,20.0,0,1956,0
4913,0,21,20.0,0,1956,0
4914,8,1,20.0,0,1957,0
4915,24,4,20.0,0,1957,0
4916,22,4,20.0,0,1957,0
4917,1,4,20.0,0,1958,0
4918,11,1,20.0,0,1958,0
4919,15,13,20.0,0,1959,0
4920,5,1,20.0,0,1960,0
4921,24,1,20.0,0,1961,0
4922,9,3,20.0,0,1961,0
4923,7,0,20.0,0,1961,0
4924,0,1,20.0,0,1961,0
4925,15,1,20.0,0,1961,0
4926,5,2,20.0,0,1962,0
4927,0,3,20.0,0,1963,0
4928,11,0,20.0,0,1963,0
4929,23,0,20.0,0,1964,0
4930,21,3,20.0,0,1965,0
4931,4,2,20.0,0,1965,0
4932,10,2,20.0,0,1966,0
4933,6,2,20.0,0,1966,0
4934,1,2,20.0,0,1967,0
4935,3,4,20.0,0,1967,0
4936,2,4,20.0,0,1967,0
4937,6,3,20.0,0,1967,0
4938,10,3,20.0,0,1967,0
4939,3,0,20.0,0,1968,0
4940,10,0,20.0,0,1969,0
4941,1,1,20.0,0,1969,0
4942,1,5,20.0,0,1970,0
4943,2,0,20.0,0,1971,0
4944,2,2,20.0,0,1972,0
4945,3,0,20.0,0,1972,0
4946,6,2,20.0,0,1972,0
4947,0,5,20.0,0,1972,0
4948,12,6,20.0,0,1973,0
4949,4,7,20.0,0,1973,0
4950,2,1,20.0,0,1973,0
4951,16,0,20.0,0,1974,0
4952,4,0,20.0,0,1974,0
4953,25,7,20.0,0,1974,0
4954,10,0,20.0,0,1975,0
4955,0,25,20.0,0,1975,0
4956,7,2,20.0,0,1976,0
4957,0,0,20.0,0,1976,0
4958,5,0,20.0,0,1976,0
4959,16,0,20.0,0,1976,0
4960,5,1,20.0,0,1977,0
4961,6,12,20.0,0,1978,0
4962,10,0,20.0,0,1978,0
4963,7,3,20.0,0,1978,0
4964,12,3,20.0,0,1979,0
4965,5,0,20.0,0,1979,0
4966,8,0,20.0,0,1980,0
4967,8,2,20.0,0,1980,0
4968,8,4,20.0,0,1981,0
4969,7,0,20.0,0,1982,0
4970,5,3,20.0,0,1983,0
4971,3,15,20.0,0,1983,0
4972,1,1,20.0,0,1984,0
4973,8,3,20.0,0,1984,0
4974,4,1,20.0,0,1984,0
4975,15,2,20.0,0,1984,0
4976,16,6,20.0,0,1985,0
4977,17,3,20.0,0,1986,0
4978,5,1,20.0,0,1987,0
4979,4,0,20.0,0,1988,0
4980,1,0,20.0,0,1988,0
4981,7,8,20.0,0,1988,0
4982,10,3,20.0,0,1989,0
4983,7,3,20.0,0,1990,0
4984,9,1,20.0,0,1991,0
4985,10,5,20.0,0,1992,0
4986,3,11,20.0,0,1992,0
4987,0,3,20.0,0,1992,0
4988,7,13,20.0,0,1993,0
4989,15,5,20.0,0,1994,0
4990,6,4,20.0,0,1995,0
4991,2,0,20.0,0,1996,0
4992,14,0,20.0,0,1996,0
4993,4,0,20.0,0,1996,0
4994,7,2,20.0,0,1997,0
4995,18,0,20.0,0,1997,0
4996,13,3,20.0,0,1998,0
4997,19,3,20.0,0,1998,0
4998,16,16,20.0,0,1999,0
4999,1,4,20.0,0,1999,0
